﻿name,lyric
10秒的衝動(10 Seconds Of Insane Bravery),狹小的廚房擁擠的沙發竟然能在你走後變這麼空蕩夢被竊取的每個晚上醒著在往事裡面流浪情緒太滿我跟黑夜講話可是沒有誰安慰回答oh～否認不了 I miss you十秒的衝動讓幸福開頭但最後的衝動 讓感情遠走被 回憶淹沒忙碌的背後失神的凝望  在  窗外的一朵浮雲迷失了方向對於愛情有著太多想像才會怪對方讓人失望愛恨常常為了同樣一個理由熱戀時候喜歡情濃不愛了就嫌沉重否認不了 I miss you最初的衝動會召喚笑容但最後的衝動 無法再回頭只剩下 疼痛 
2infinity And Beyond,ler England傑I've been going in circlesWith no directionRound and round I am spinningJust when I think I'm moving forwardI discoverThat I'm back at the beginningBut morning comes I see the sun riseAnd it reminds meEvery day is a new dayAnd if it takes a million more triesI'll never give upI know I will find a wayThough it's hard to seeBut the power is inside of meIf we dare to dreamI know we can do anything hey heyLove is all we needTogether we'll fly OhTo infinity and beyondIf we only believeWe can reach the sky OhTo infinity and beyondOh oh ohTo infinity and beyondOh oh ohTo infinity and beyondI've been going in circlesWith no directionRound and round I am spinning  在  Just when I think I'm moving forwardI discoverThat I'm back at the beginningBut morning comes I see the sun riseAnd it reminds meEvery day is a new dayAnd if it takes a million more triesI'll never give upI know I will find a wayThough it's hard to seeBut the power is inside of meIf we dare to dreamI know we can do anything hey heyLove is all we needTogether we'll fly OhTo infinity and beyondIf we only believeWe can reach the sky OhTo infinity and beyondOh oh ohTo infinity and beyondOh oh ohTo infinity and beyondLove is all we needTogether we'll flyTo infinity and beyondIf we only believeWe can reach the skyTo infinity and beyondTo infinity and beyondTo infinity and beyond 
Always Online,變色的生活 任性的挑撥瘋狂的冒出了頭單方的守候 試探的溫柔還是少了點什麼遙遠 兩端 愛掛在天空飛風停了也無所謂只因為你總說Everything will be okay準備好了321I'm always online和你1 to 1愛開始擴散我們連結了 穿越 天空 銀河 oh…oh…開始倒數321刪除我的孤單More and more盡是深刻愛亮了 愛笑了 I'm always online  在  變色的生活 任性的挑撥 瘋狂的冒出了頭單方的守候試探的溫柔 卻還是少了點什麼遙遠 兩端 愛掛在天空飛 風停了也無所謂只因為你總說 Everything will be okay我準備好了321 I'm always online和你1 to 1 愛開始擴散我們連結了 穿越 天空 銀河 oh…oh…開始倒數321 刪除我的孤單More and more盡是深刻 愛亮了 愛笑了 I'm always online準備好了321 I'm always online和你1 to 1 愛開始擴散我們連結了 穿越 天空 銀河開始倒數321 刪除我的孤單More and more盡是深刻 愛亮了 愛笑了 I'm always online愛亮了 愛笑了 I'm always online
As I Believe,When I look up to the skiesGreet the sight before my eyesAnd I welcome yet another glorious dayEvery morning's bright sunriseNever ceases to surpriseWith the possibilities it brings my waySo into my life I goKnowing everything I knowHoping every moment in my day stays brightAs I follow my life's flowI will carry on to growJust as long as life can let my dreams take flightAnd as long as I believe what I believeI can be all that I know all I can beIf I just allowLove to lead the way, no matter howI'll do my best, as I'm prepared to tryAnd I know if I believe what I believeI will know that somehow I will be set freeFrom all that's in the wayIt won't matter what they say  在  I'll do everything it takesWith the strength so that I mayLet my passion flyThis is what I've always knownI can't reach the skies aloneSo I'll reach out to the ones who care for meTill I know that I have grownTill I'm standing on my ownWith the love that leads me to my destinyAnd as long as I believe what I believeI can be all that I know all I can beIf I just allowLove to lead the way, no matter howI'll do my best, as I'm prepared to tryAnd I know if I believe what I believeI will know that somehow I will be set freeFrom all that's in the wayIt won't matter what they sayI'll do everything it takesWith the strength so that I mayLet my passion fly 
Baby Baby,Andy 耍無聊泡網咖JJ　裝憂鬱像傻瓜XX　你背後是你爸Buddy　誰有本事把到校花尷尬　前女友變你阿娜達JJ　陪著你喝到掛XX　女孩們太偉大什麼都不怕　只要我長大　哦快樂時候鬧鬧　難過時候抱抱認真時你不要來吵從我們小小　直到我們老老  在  玩伴　伙伴　就一些活寶Baby Baby　將來我們都是某個女孩唯一依靠哦　哦　有陽光的味道Baby Baby　同樣一種調調一個暗號同類才收到哦　哦　碰肩膀的微笑
Endless Road,Lyrics：Music：Arranger：吳慶隆The truth is tearing up my heartI can't recognize this placeThe endless road without a stop signCan't even find a stranger this time＊Why am I still holding back my tears　In this loneliness there's nothing to fear　Every chord still seems a wonder　How we could be together　Every time I ask if this would be the last＃Why am I still talking to myself　Hopin' you will have the keys to my cell　Every song might calm the weather　But it just drops me deeper　How do I get out of this, I think　I never will...  在  A crystal forming in the eyeMaybe this would be the lastA winding path down my faceTill I begin to taste the bitterness insideRepeat ＊＃Why am I still holding back my tearsIn this loneliness there's nothing left to fearEvery chord still seems a wonderHow we could be togetherEvery time I ask if this would be the lastRepeat ＃I never will...
Hurray一起搖,黑白的琴道　指尖來引爆誰要想接招　耳朵先豎好我功力高強　獨門的格調好壞不由別人講　玩得開心最重要唱唱唱　我唱到啞掉　跳跳跳我跳翻天Hurray　全世界不睡覺　一起搖闖闖闖我過關斬將　亮亮亮我刀光亮Hurray　讓全世界看我　發光自信的拳腳　我揮灑逍遙馬步扎無數通宵　台上一分鐘　練十年功  在  唱唱唱　我唱到啞掉　跳跳跳我跳翻天Hurray　全世界不睡覺　一起搖闖闖闖我過關斬將　亮亮亮我刀光亮Hurray　讓全世界看我　發光有夢就不渺小　不怕地再大　天再高不驕傲　剛剛好　你最了唱唱唱　我唱到啞掉　跳跳跳我跳翻天Hurray　全世界不睡覺　一起搖闖闖闖我過關斬將　亮亮亮我刀光亮Hurray　讓全世界看我　發光　亮
I Am,落在手裡一顆淚滴 清澈地卻已溶化活在人間 我的壓力和疑惑愛和理想怎麼評量 闖過難關避開受傷其實我和凡人都一樣擔心路會走錯方向 擔心她不放在心上擔心生命不再充滿渴望It's when I'm weak then I am strong我脆弱 卻不退縮  在  確定路在對的方向 確定她在我的心上確定生命永遠有希望It's when I'm weak then I am strong我脆弱 卻不退縮我脆弱 卻永不退縮
I DO,I DO 只能數著你離開的腳步I DO 甚至我不哭I DO 不論妳要這樣突然結束　我還是依然不對你說不I DO 從來沒有想過這種地步I DO 怎麼妳也哭I DO 我知道妳決定時的難處　我怎能面帶微笑對你說 i ... DO 
K-O,一鎖住了你　過肩摔才兩秒拿刀　我旋開左腳　擒拿你的後腰喔 ~ ~ ~　禮節要做到喔 ~ ~ ~　等裁判說好繞　我往你右邊繞　你攻擊沒力道我佔據下死角　可攻可逃O-A-O　瞬間就擊倒　甚至來不及讀秒你全身都是我目標　老鼠遇見貓O-A-O　看我這一招　側腰回旋　空手道延長比賽都延不了　一次就把你 KO煩惱　一纏上了人　很不容易甩掉  在  愛情　只要能活著　你怎麼說都好喔 ~ ~ ~　禮節要做到喔 ~ ~ ~　等裁判說好(歌詞完之後還有rap)Rap:Round one fight!保持原來戰鬥姿勢讓食指拇指輕扣我的武器太慢 太慢 我穩如泰山你的攻擊都失敗 抱歉讓你滿頭大汗Combo連續技 快到你無法閃 3手足無措卡在角落不能動彈 2需不需要開點窗戶讓你喘喘 必殺技 1火力全開 KO 掰掰
Lamando,Lamando Lamando 去追逐Lamando 請歡呼Wu - Wu Wu - Wu來自晝夜交界的第一天光線 照亮了地平線世界 躺在你的腳邊驕傲的 誕生了放縱自己踏出的第一步速度 帶來高溫熱度海 空 陸地都被征服完勝戰 擋不住Lamando 請歡呼Wu - Wu Wu - Wu學會擁抱未知的第一秒無限 是你最大極限眼前 再遼闊的世界都很好 都去闖  在  寫下未來腳本的第一頁對話 像對自己喊話故事 為過去下總結可以的 沒在怕披上榮耀 披上魅力的戰袍披上驕傲 魅力戰袍Lamando 是贏的速度Wu - Wu Wu - WuLamando (披上榮耀 披上驕傲 披上魅力的戰袍)請歡呼 (披上榮耀 披上驕傲 披上魅力的戰袍)Wu - Wu (披上榮耀 披上驕傲 披上魅力的戰袍)Wu - Wu (披上榮耀 披上驕傲 披上魅力的戰袍)披上榮耀 披上驕傲 披上魅力的戰袍披上榮耀 披上驕傲 披上魅力的戰袍
Lier and Accuser,Oh come fill these dried watersThat is my heart's one desireThe One who does not falterYou are my heart's one desireI'd be with You just a little longerThey don't even know meWith their tongues they crucify meWon't You vindicate meFend me from those false accusationsSo the lier and accuserShall be judged by the Father's FireSo as they feed on my honourThey will also feed His angerThose words are fuelling the FlameThey don't even know meWith their words they terrorise meWon't You vindicate meFend me from those false accusations  在  Save me from this wretched perversionDestroying those disguisesUshering the misguidedMay Your Light shine throughMay Your Light shineShine shine shineDestroying those disguisesUshering the misguidedMay Your light shine throughMay Your light shineShine shine shineOh come fill these dried watersThat is my heart's one desireThe One who does not falterYou are my heart's one desireTo be with You just a little longer[ti:Lier and Accuser][ar:][al:和自己對話][by:GetNoTogether]
Love U U,love you you 我像孤獨的漁夫說不出 愛的溫度很想給你幸福 你卻自我保護轉彎處 只剩下潮汐之外的荒蕪love you you 卻在海裡迷了路找不出 心的歸屬思念越嘗越苦 心跳亂了腳步怎麼我 讀不懂你唇語之間的無助就算用盡所有真心 卻到不了你的心底回憶難以靠近 你是我奢求的唯一讓我用盡所有力氣 只要你相信我最堅持的聲音  在  只剩一句 love you you stay with me能不能別這樣放棄能不能就放開自己海浪穿透我的傷心請聽一聽愛的聲音就算用盡所有真心 卻到不了你的心底回憶難以靠近 你是我奢求的唯一讓我用盡所有力氣 只要你相信我最堅持的聲音只剩一句 love you you stay with me
love you you,Love you you　我像孤獨的漁夫說不出　愛的溫度很想給你幸福　你卻自我保護轉彎處　只剩下潮汐之外的荒蕪love you you　卻在海裡迷了路找不出　心的歸屬思念越嘗越苦　心跳亂了腳步怎麼我　讀不懂你唇語之間的無助  在  ＊就算用盡所有真心　卻到不了你的心底　回憶難以靠近　你是我奢求的唯一　讓我用盡所有力氣　只要你相信　我最堅持的聲音　只剩一句　love you you stay with me能不能別這樣放棄　能不能就放開自己海浪穿透我的傷心　請聽一聽愛的聲音[ti:Love U U][ar:][al:][by:253057646]
LOVE(獨唱版),L.O.V.E da da da la la da la daL.O.V.E da da da la la da la daL.O.V.E da da da la la da la daL.O.V.E da da da la la da la da想要開始討好你　到底從哪一天開始地突然想買巧克力　配上鮮花是否俗氣先在線上談個心　旁敲側擊的要去了解你的星座血型一言一行的含意＊L.O.V.E　想你想到我睡不著L.O.V.E　見面時候說什麼好L.O.V.E　開始煩惱衣服太老L.O.V.E　不要變成你的困擾oh～愛有什麼預兆　老師並沒有教想要每天見到你　到底是從哪一天才開始地記得當時好天氣　沒來由的感到多甜蜜溫柔是我的本性　吸引我是妳的天性給你關心呵護　不會只是一滴滴  在  Repeat ＊RAP:看看 妳的前後左右 有幾個像我一樣有能耐落落 大方把情意表白碰壁 碰一次壁 再次 再接再厲讓一讓 情敵在嚷 壞呀壞 愛讓人怪快不快 有個大概 等妳來依賴馬拉松 跑愛的 馬拉松整點鐘 報愛的 鬧鐘哦　女孩請你想想我的告白哦　等你點頭我就快活哦　BABY讓我成為你的未來oh yeah everybody let's goRepeat ＊,＊L.O.V.E　想你想到我睡不著L.O.V.E　見面時候說什麼好L.O.V.E da da da la da la daL.O.V.E da da da la da la da
Now That She's Gone,Girl you know I miss you so(女孩,你知道我很想你)I didn't know you had to go(我不知道你不得不走)You've had enough of our distance baby(寶貝,我們之間的距離已十分遙遠)Before I had the chance to say(在我有機會表白之前)I'm staying with you(我和你一起度過 )For the rest of my life(我剩餘的生命)Don't keep telling me these words(別繼續告訴我這些話)You don't know how much it hurts(你不知道它是多麼的使人痛心)And I'll promise you eternity(我會承諾永遠)If you promise me your stay(如果你答應留下)But now it's too late(但是現在已經太晚了)I'm no longer the man that I was(我不再是以前的我)I will go on without her(沒有她我依然會繼續下去)Like a fool who's too sure(像一個自以為是的傻瓜)  在  I'm like a bird who's lost her wing(像一隻失去翅膀的鳥兒)A fire without its flame(一把火沒有它的火焰)I don't know how to be strong(當我的愛還在繼續時)When my love has to move on(我不知該如何堅強)I am a song without a soul(我是一首沒有靈魂的歌)Now that she's gone(此刻,她已離開)What's left of us is this song(留給我們的都在這首歌中)This is our song without a soul(這是我們沒有靈魂的旋律)Now that you're gone(此刻,你已離開)What's left of us in this song(留給我們的只有這首歌)
One Shot,Just one shotIs all you got to make or break into your fameJust one shotThey will lift you up and take you down the sameOnly got one shotWill you give it all you've gotLet it take you to the topOr will you bleed it out in vain?Only got one shotTell your heart to never stopLock your eyes only on the spotIf there is no pain there will be no gainO Father please, I ask for Your mercyThey judge me way before they even know meO Father please, do you hear me screamingThese lights won't stop chasing after meI will not fall I will not crawl, I will keep on standing tall'Til I'm strong enough to break this wallOh~ I won't drown don't tie me downWon't you just set me freeIt takes one shot to strip it away from meAnd O my Lord, I can't believe what I sawYou got one shotJust to make or break your fameJust one shotThey will lift you up, take you down the sameOnly got one shotWill you give it all you've gotLet it take you to the top  在  Or will you bleed it out in vain?Only got one shotTell your heart to never stopLock your eyes only on the spotIf there is no pain there will be no gainOur father, who art in heavenHallowed be thy nameIn thy name I pray to you, oh forever it remainsI know you haven't left me but I'm feeling so aloneWhen the darkness comes I shall never have to wait on my ownI feel so lost, my mind is going out of controlVengeance is mine, I will repay, says The LordI'm persecuted but not forsaken, struck down to the floorBut not destroyed cause Its not like this hasn't happened beforeI see these lights and you've warned me to be on the alertMy heart is tired from soaking it up like rain in the dirtOh~ just one shotOh~ yeah~Yeah~ one shotThey will lift you up, take you down the sameOnly got one shotWill you give it all you've gotLet it take you to the topOr will you bleed it out in vain?Only got one shotTell your heart to never stopLock your eyes only on the spotIf there is no pain there will be no gain
Show The World,Go Go Go 機會就近在眼前越過那些狂野攔截Go Go Go 歡呼將殲滅疲倦瞬間移動如同閃電Goal Let's Go! 情勢多惡劣危險兄弟就是最強防線 Wo~~Goal Let's Go! 對平凡極度厭倦跳入一個傳奇裡面  在  昔日的追風少年 不乾的熱血脫下白襯衫 心才被看見熱愛不止于球場 在生活蔓延越激烈越熱切 敢上就敢對決Go Go GoShow the world 我的火光 我的信仰Show the world 持續補強 急速成長Show the world 我的渴望 我的戰場Show the world 誰在雲上 誰會稱王
SixOlogy,口白：WellIt's really been awhile,After all this drama in the world,It's back to my little cove,And I thank the Lord still,It's so good to be me...Sixology...
STAY WITH YOU,長長的黑夜它到底還黯然多久閃爍日光燈原來它就是種煙火感覺到春風夏雨隱藏在雙眼就這樣迎接這陣雨說好了暫緩再繼續I'll stay with you等待著日出不想說多累 多辛苦總有人會知足Stay with you明天更清楚直到有一天再惜福害怕不再束縛卸下無助的第一步長長的黑夜它到底還黯然多久閃爍日光燈原來它就是種煙火感覺到的春風夏雨隱藏在雙眼就這樣迎接這陣雨最冷的天也會離去  在  I'll stay with you等待著日出不想說多累 多辛苦總有人會知足Stay with you明天更清楚直到有一天再惜福害怕不再束縛卸下無助的第一步Stay with you等待著日出不想說多累 多辛苦總有人會知足Stay with you明天更清楚直到有一天再惜福害怕不再束縛阻礙就算更迭卸下無助的第一步 
STILL MOVING UNDER GUNFIRE,Rap：MC VADERStill moving under gunfireWhere the weak liesWhen no one's besideI will fight, till the end timesTill my knees cryI'll get up, get up (yeah)Still moving under gunfireIn the night skyWhere enemies hideI will fight, till I dieTill the Morning LightAnd Sunlight will shine on me (yeah)Holy, Holy …That Sunlight will shine on youJust you, and meSunlight that comes from You …  在  Rap:Attention, attentionRules of engagementDon't make your intentions knownNo Mercy shownTo each his own.(xtra xtra bold)Fashion or electionIt's all about XpressionHow you make your standHow you play your planThat makes you the man.(xtra xtra loud)[ti:STILL MOVING UNDER GUNFIRE][ar:][al:JJ_100天][by:李澤昊]
Too Bad,雨傘弄丟在下雨天還沒回應手機也沒電久別重逢卻趕時間事與願違天天不斷上演無能為力的瞬間騙自己愛能克服一切It's too bad bad bad有心人怎麼都看不對眼等待緣分等感覺等過多少年是誰一直在身邊It's too bad bad bad兩顆心無法一起到終點我越一廂情願你卻越走越遠騙自己愛能克服一切雨傘弄丟在下雨天還沒回應手機也沒電久別重逢卻趕時間事與願違天天不斷上演無能為力的瞬間騙自己愛能克服一切It's too bad bad bad有心人怎麼都看不對眼等待緣分等感覺  在  等過多少年是誰一直在身邊It's too bad bad bad兩顆心無法一起到終點我越一廂情願你卻越走越遠騙自己愛能克服一切一錯再錯越挫越勇的境界何時才能停歇一次一次沒有好好的告別心片片撕裂It's too bad bad bad有心人怎麼都看不對眼等待緣分等感覺等過多少年是誰一直在身邊It's too bad bad bad兩顆心無法一起到終點我越一廂情願你卻越走越遠騙自己愛能克服一切騙自己騙成 自導自演[ti:Too Bad][ar:][al:和自己對話]
Until the Day,In the middle of the nightWhen our hopes and fears collideIn the midst of all goodbyesWhere all human beings lie, against another lieWhisper broken promises, there we hideTry to make it seem alrightWhat goes around againWe'd be running from the painFinding shelter in the rainLovers straying, seasons changing, strangers to loversWhat comes around againYou'd fall asleep in my embraceSteal a kiss on your little faceWould have always been in that wayBut heyYou're never coming back, never coming backI'll be waiting anyway, I'll be waiting anywayUntil the dayIn the middle of the nightLonely souls travel in timeFamiliar hearts start to entwineWe imagine what we'll find in another lifeWhisper broken promises, there we hideTry to make it seem alright  在  What goes around againWe'd be running from the painFinding shelter in the rainLover straying, seasons changing strangers to loversWhat comes around againYou'd fall asleep in my embraceSteal a kiss in your little faceWould have always been in that wayBut heyYou're never coming back, never coming backI'll be waiting anyway, I'll be waiting anywayTill it comes around againWe'd be playing in the sandHolding hands, just one last chanceNo more hurts, no more goodbyesWe'd danceWe're never going backNever turning backWon't you wait with me anyway, won't you wait with me anywayUntil the dayWhat comes around goes aroundWhat goes around comes aroundUntil the day
We Together,Everybody now ...時間一到 看著錶神秘定格的微笑鏡頭瞄一瞄 大家都成主角轟隆的引擎 像重音般美妙油門 腳輕輕的就確定了目標Yeah…秒針正在倒轉Yeah…甩尾般魔幻Yeah…空間用力彈Yeah…扭力極速鎖定喔 迎面而來Everybody唱著歌 together上上下下快樂著 together每顆心都定位在一起了愛的信念power we togetherEverybody跳著舞 together上上下下快樂著 together每顆心都定位在一起了夢的信念power we together地點沒變 瞇著眼 假裝自己在睡覺直覺告訴我 一下子就會到Party的味道 也提前在預告油門 正悄悄的 準備著要呼嘯Yeah…秒針正在倒轉Yeah…甩尾般魔幻Yeah…空間用力彈  在  喔 迎面而來Everybody唱著歌 together上上下下快樂著 together每顆心都定位在一起了愛的信念power we togetherEverybody跳著舞 together上上下下快樂著 together每顆心都定位在一起了夢的信念power we together我透過後視鏡 酷酷的看風景魔力般的心情 都藏在墨鏡裡方向盤會飛行 她對我眨眼睛這說不出來的神奇 發動了心中的引擎這世界不等你 Everybody 擠一擠光速般的馬力 心的衛星導航器帶自己去旅行 地圖它沒有意義就照著自己的邏輯 夢多遠世界多美麗Everybody跳著舞 together上上下下快樂著 together每顆心都定位在一起了夢的信念power we togetherEverybody跳著舞 together上上下下快樂著 together每顆心都定位在一起了夢的信念power we together
Wonderland,慢慢地睜開眼 熟悉的即視感完全不需要語言 好像哪裡見過面是光陰的背叛 生鏽了熟悉感誰的臉孔不黯淡 沒有情緒的乾旱Here I am 不怕一身鋼鐵無法被溶解 我流汗意識更堅決Here I am 就算荒涼無邊找不到界線 迷路無所謂這就是我的Wonderland過去現在未來都將不再有侷限自由自在的Wonderland只要你和我同步 奇蹟就會在身邊我的感情 我的人性 穿越世紀你的記憶 你的秘密 依然清晰我的回憶 我的思緒 不停累積和你在一起 就安心慢慢地閉上眼 陌生的距離感說不出口的語言 好像從未見過面時光裡的背叛 消逝的安全感誰的臉孔不黯淡 沒有情緒的乾旱Here I am 不怕一身鋼鐵無法被溶解 我流汗意識更堅決Here I am 就算荒涼無邊找不到界線 編號89757這就是我的Wonderland過去現在未來都將不再有侷限自由自在的Wonderland只要你和我同步奇蹟就會在身邊我的感情 我的人性 穿越世紀你的記憶 你的秘密 依然清晰我的回憶 我的思緒 不停累積  在  你是專屬唯一這就是我的Wonderland過去現在未來都將不再有侷限自由自在的Wonderland只要你和我同步奇蹟就會在身邊我的感情 我的人性 穿越世紀你的記憶 你的秘密 依然清晰我的回憶 我的思緒 不停累積和你在一起 你是專屬唯一(RAP)~那些年代已過去 是誰還不相信 傻傻站在原地這不是場遊戲 看不到形體沒有人在乎輸贏我們之間的關係 早已不在是秘密誰也無法模擬轉來看我的反面 讀我的頸線我是編號89757~這就是我的Wonderland過去現在未來都將不再有侷限自由自在的Wonderland只要你和我同步奇蹟就會在身邊我的感情 我的人性 穿越世紀你的記憶 你的祕密 依然清晰我的回憶 我的思緒 不停累積和你在一起 你是專屬唯一  
X,Rap：MC VADER說感覺 不只嗅覺 還有味覺 有 觸覺 聽覺到體會 都是誤會 偶而約會 卻 沒有 感覺說圓缺 從不妥協 玩玩另類 就 為愛 流淚夾腳鞋 走遍世界 甚麼是品味 是態度決定一切虛偽 撕裂 你怎麼解釋這些冷卻 熱烈 命運自有出路用自己的空間 噯 只有愛證明我存在 再等待換個世代 手腳撐開 一切重來重來你可以揮灑著愛 隨心所在要所謂的high我就是壞 無處不玩 計劃了未來  在  還瀟灑著自在Rap:Attention, attentionRules of engagementDon't make your intentions knownNo Mercy shownTo each his own.(xtra xtra bold)Fashion or electionIt's all about XpressionHow you make your standHow you play your planThat makes you the man.(xtra xtra loud)
一個又一個, 說到為了愛執著,其實我覺得,執著,並不一定會覺得讓你的愛情,就是很美滿,但是愛情都要去執著,去爭取,去珍惜,是沒錯的.可是我覺得在我朋友當中,當我包括自己的整個...額...整個生活過程當中.其實我也有發現,說:'其實感情這個東西很難去..嗯..難捏?'有時候很難去..額..就是與..其說:'誒,一定會'怎樣',(然後)已經不會怎麼樣了.'可是我可能會聽很多朋友說,額..他的感情可能一次又一次的去期待,去等待,然後一次又一次的..也許傷心,害得很多我身邊的朋友就說,我自己看到說:'哦,對愛情可能會覺得..額..也許失望,或者會覺得對愛情開始害怕,'到底怎麼樣才是對的?'或者'怎麼樣才是對的人?''怎麼樣的愛情才是真的?''但是我覺得今天..因為我也在這裡,我也沒辦法跟你們分析說:'哦,應該要怎麼樣愛',因為我也沒有那麼多經驗.嘿~~只是說鼓勵大家,用這樣子的一個音樂會,近距離跟大家分享我的歌,鼓勵大家不要害怕(對愛情),所以..誒~ (掌聲響起) 誒~!這時候要掌聲一下,真的,因為呢,我總是告訴自己,'沒比..沒比下一次,或許這一次,你遇到的人,也許就是對的人.'對.(掌聲響起) 加油!呵呵~~~~~~這首歌叫做<一個又一個>.一個又一個 排隊等緣分前面丟後面撿撿到的變戀人 丟的變路人  在  一個就一個 手空著就開車寂寞就先晾著 堅強是種天份直到更好的下一個走了一個 忘了一個才懂眼淚對自己最殘忍笑著 不會不捨得來了一個 愛了一個只要確定感覺是真的怕了 就當作是上多一課這一個或許是對的人一個就一個 手空著就開車寂寞就先晾著 堅強是種天份直到更好的下一個走了一個 忘了一個才懂眼淚對自己最殘忍笑著 不會不捨得來了一個 愛了一個只要確定感覺是真的怕了 就當作是上多一課這一個或許是對的人嗚~~~~走了一個 忘了一個才懂眼淚對自己最殘忍笑著 不會不捨得來了一個 愛了一個確定感覺是真的就當作是上多一課這一個或許是對 的人對 的人
一千年以前,心 跳亂了節奏夢也不自由愛 是個絕對承諾 不說撐到一千年以後放任無奈 淹沒塵埃我在廢墟之中守著你走來 喔我的淚光 承載不了 喔所有一切你要的愛因為在 一千年以後世界早已沒有我無法深情挽著你的手淺吻著你額頭別等到 一千年以後所有人都遺忘了我那時紅色黃昏的沙漠能有誰 解開纏繞千年的寂寞哦 哦 哦 耶哦 哦放任無奈 淹沒塵埃我在廢墟之中守著你走來 喔我的淚光 承載不了 喔所有一切你需要的愛因為在 一千年以後  在  世界早已沒有我無法深情挽著你的手淺吻著你額頭別等到 一千年以後所有人都遺忘了我那時紅色黃昏的沙漠能有誰 解開纏繞千年的寂寞(不要哭了)哦 啊 哦 哦 哦 哦無法深情挽著你的手淺吻著你額頭別等到 一千年以後所有人都遺忘了我那時紅色黃昏的沙漠能有誰 解開纏繞千年的 寂寞喔纏繞千年的寂寞(歌手獨白)我脆弱 卻不退縮(我愛你)拜拜 (不敢言說) 哦(我脆弱 卻不退縮)  
一千年以後,心 跳亂了節奏 夢也不自由愛 是個絕對承諾 不說 撐到一千年以後放任無奈 淹沒塵埃我在廢墟之中守著妳走來 喔我的淚光 承載不了 喔所有一切妳要的愛因為在 一千年以後 世界早已沒有我無法深情挽著你的手 淺吻著你額頭別等到 一千年以後 所有人都遺忘了我那時紅色黃昏的沙漠 能有誰解開纏繞千年的寂寞放任無奈 淹沒塵埃我在廢墟之中守著妳走來 喔  在  我的淚光 承載不了 喔所有一切你需要的愛因為在 一千年以後 世界早已沒有我無法深情挽著你的手 淺吻著你額頭別等到 一千年以後 所有人都遺忘了我那時紅色黃昏的沙漠 能有誰解開纏繞千年的寂寞OH~~~~~YA~~~~無法深情挽著你的手 淺吻著你額頭別等到 一千年以後 所有人都遺忘了我那時紅色黃昏的沙漠 能有誰解開纏繞千年的寂寞 OH~~~纏繞千年的寂寞
一千年後記得我,我曾經來過 如果你能記得那年我還如此 靦腆而羞澀這些年以後 我內心卻依舊只是不能確定 你怎樣看我是否會有不能跨越的距離是否也有滄海桑田的惋惜我該怎麼做 什麼都不說的我讓愛不熟 讓心不透 讓一切再來過讓我把所有美好 在你面前不做保留讓夢不走 讓淚不流 讓你快快樂樂真心喜愛不會一無所獲 讓你一千年後記得我  在  不懂愛恨情仇煎熬的我們不懂悲歡離合難受的我們只要能見面 只要再見面 足夠讓愛不熟 讓心不透 讓一切再來過讓我把所有美好 在你面前不做保留讓夢不走 讓淚不流 讓你快快樂樂讓真心喜愛不會一無所獲讓你一千年後記得我讓愛不熟 讓心不透 讓一切再來過讓我把所有美好 在你面前不做保留讓夢不走 讓淚不流 讓你快快樂樂真心喜愛不會一無所獲 從你愛笑的眼睛裡看我Hey Baby 사랑해요 一千年以後記得我
一生的愛(Eternal Love),真的可以結束嗎已經不需要回答滿天的雪在下將我的心蒸發如果愛可以放下為何那麼多掙扎那冷風烙心如刀割彷彿愛的懲罰我終於明白對你的愛絕不可能更改我的心像片雪花為你存在冰封成依賴當全世界都把你忘懷我絕不離開風雪淹埋不了期待我只想要給你我一生的愛愛如果放下不要那麼多掙扎冷風也讓我更堅決  在  面對愛的懲罰我終於明白對你的愛絕不可能更改我的心像片雪花為你存在冰封成依賴當全世界都把你忘懷我絕不離開風雪淹埋不了期待我只想要給你我一生的愛我終於明白對你的愛絕不可能更改我的心像片雪花為你存在冰封成依賴當全世界都把你忘懷我絕不離開風雪淹埋不了期待我只想要給你我一生的愛風雪淹埋不了期待我只想要給你我一生的愛
一眼萬年(Forever),淚 有點鹹 有點甜 你的胸膛吻著我的側臉回頭看踏過的雪 慢慢融化成草原而我就像你 沒有一秒 曾後悔愛 那麼綿 那麼黏 管命運 設定要誰離別海岸線越讓人流連 總是美的越蜿蜒我們太倔強 連天都不忍 再反對深情一眼摯愛萬年 幾度輪迴戀戀不滅把歲月鋪成紅毯 見證我們的極限心疼一句珍藏萬年 誓言就該比永遠更遠要不是滄海桑田 真愛怎麼會浮現淚 有點鹹 有點甜 你的胸膛吻著我的側臉回頭看踏過的雪 慢慢融化成草原而我就像你 沒有一秒 曾後悔  在  愛 那麼綿 那麼黏 管命運 設定要誰離別海岸線越讓人流連 總是美得越蜿蜒我們太倔強 連天都不忍 再反對深情一眼摯愛萬年 幾度輪迴戀戀不滅把歲月鋪成紅毯 見證我們的極限心疼一句珍藏萬年 誓言就該比永遠更遠要不是滄海桑田 真愛怎麼會浮現深情一眼摯愛萬年 幾度輪迴戀戀不滅把歲月鋪成紅毯 見證我們的極限心疼一句珍藏萬年 誓言就該比永遠更遠要不是滄海桑田 真愛怎麼會浮現待渡過斜風冷雨 春暖在眼前
一開始,當清晨的風　颳起一粒沙時整個世界　就像電視畫面一樣不自然的　扭動了一下　隨即回到正常風依舊吹　雲依舊飛　天濛濛的亮了起來但我們都隱約的感覺到　這已經不再是原來的那個世界了
不存在的情人,以為能夠看見陽光 才想起你早已離開時間忽然全故障 心永遠在漆黑的晚上還沒一起去的地方 還沒實現過的夢想只能暫時先遺忘照片裡你的臉龐 笑容停在我眼眶美好轉眼變了樣 像是底片見了光變一片空白不想更新你的近況 不想刪除你的模樣假裝有人取代 你每天在我身旁不願意被誰看穿 只剩我一個人的孤單若誰問起你來 我會說那又怎樣  在  想像和你吃晚餐 想像和你等天亮故事就像標本一樣 眼前是美麗的假象卻已經死亡自己編造你的近況 自己描繪你的模樣假裝還是一樣 你每天在我身旁不願意被誰看穿 只剩我一個人的害怕若誰問起你來 我會說一如往常沒人理解的武裝 沒人懷疑的堅強不想面對我的癡狂 不想正視我的荒唐假裝沒受過傷 所有痛一個人承擔不願意自己揭穿 這是我對自己的懲罰不存在的情人 就不會離開我身旁
不懂,已經好遠了　腿也有一點累了我們都不知道路多遠　走到何時才歇一歇不如就現在吧　讓我們都停下但是在休息後　我們還不知道繼續走的理由＊雨都停了天都亮了　我們還不懂　這愛情路究竟帶我們到甚麼地方　是要持續仍舊珍惜　還是回到原地  在  　如今此刻的我的確是有一點疲倦Repeat all onceRepeat ＊如今此刻的我的確是有一點疲倦
不死之身,陽光放棄這最後一秒讓世界被黑暗籠罩懲罰著人們的驕傲我忍受寒冷的煎熬和北風狂妄的咆哮對命運做抵抗＃這是無法避免的浩劫　不論你以為你是誰　任何事物任何一切　喔 親愛的別難過　只要緊緊握著我的手△地球毀滅了以後　我仍愛你愛的不知天高地厚  在  　為你再造一個新宇宙　不死之身　不死的溫柔Repeat ＃,△撐著悲傷不回頭卻感覺此刻你　停不了的淚流唯有愛　才能永垂不朽唯有你　我才能找回我唯有你　我才能找回我唯有你　我才能找回我
不流淚的機場,地面燈火像星光閃耀什麼地方等著我降落停靠走過一扇大門一座橋什麼笑容值得我凝住心跳往前跑的人需要　擺脫遺憾的藥回到教堂祈禱那一秒愛是　三萬里程的孤單閃著等待的淚光　眺望可能的遠方愛是(愛知道)　再遠都在你身旁心疼了解的目光　不流淚的機場累計(劃下)或多或少的傷　或真或假的謊只求不忘了我　最真的模樣　最真的微笑紅燈閃爍停駐的街道藍天綠葉的熟悉不同面貌  在  一張床一個停靠黑夜白晝顛倒誰能解讀臉上的微笑短暫的來回奔跑不曾解開的背包我參與的人生太潦草快樂常在門外繞太多陌生的夜晚讓我困擾若你能了解　我會向你懷裡靠愛　三萬里程的孤單閃著等待的淚光　眺望可能的遠方喔愛　再遠都在你身旁心疼了解的目光　不流淚的機場劃下或多或少的傷　或真或假的謊只求不忘了我　最真的模樣　最真的微笑
不潮不用花錢,Hey greedy,don't fretWhat you see is what u getU name it,I have itWhat you see is what u get左左 左左 偏左 就用左手 生活 就不用想太多怦怦 怦怦 心動 張開眼睛 就記得 當下的強烈有時靈光一閃而過 牛頓也吃蘋果我的念頭不太囉唆 限時間能入座請你不要到處叩叩潮流需要摳摳不小心就沒摳摳用力到處扣扣花掉所有摳摳錢買不到絕活你說 聽說 聽說 你聽誰說 跟著 亂走 鬧哄哄通通 通通 普通 普通 如果不懂 不要 隨便 拒絕有時靈光一閃而過 牛頓也吃蘋果我的念頭不太囉唆 限時間能入座請你不要到處叩叩潮流需要摳摳不小心就沒摳摳用力到處扣扣花掉所有摳摳錢買不到絕活RAP:Little chick having chips on my sofaBearbrixs take a sleep on my sofa  在  Smudge babies lying on my sofaNeiborhxxds and kiks singing 'So-fa'RAP:Little chick having chips on my sofaBearbricxs take a shit on my sofaSmudge babies lying on my sofaRAP:Hey Greedy,don't fretWhat you see is what you getYou name it,I have itWhat you see is what you get請你不要到處叩叩潮流需要摳摳不小心就沒摳摳用力到處扣扣花掉所有摳摳錢買不到絕活RAP:Hey Greedy,don't fretWhat you see is what you getYou name it,I have itWhat you see is what you getRAP:Hey Greedy,don't fretWhat you see is what you getYou name it,I have itWhat you see is what you get
不為誰而作的歌,原諒我這一首 不為誰而作的歌感覺上彷彿窗外的夜色曾經有那一刻 回頭竟然認不得需要 從記憶再摸索 的人 和他們關心的的地方 和那些走過的 請等一等夢為努力澆了水 愛在背後往前推當我抬起頭才發覺 我是不是忘了誰累到整夜不能睡 夜色哪裡都是美一定有個人 她 躲過 避過 閃過 瞞過她是誰 她是誰原諒我這一首 不為誰而作的歌感覺上彷彿窗外的夜色曾經有那一刻 回頭竟然認不得需要 從記憶再摸索 的人 和他們關心的  在  的地方 和那些走過的Ya夢為努力澆了水 愛在背後往前推當我抬起頭才發覺 我是不是忘了誰累到整夜不能睡 夜色哪裡都是美一定有個人 他 躲過 避過 閃過 瞞過他是誰 他是誰也許在真實面對自己才不顧一切去探究當初我害怕面對夢為努力澆了水 愛在背後往前推當我抬起頭才發覺 我是不是忘了誰累到整夜不能睡 夜色哪裡都是美一定有個他 躲過 避過 閃過 瞞過他是誰 他是誰 他是誰[ti:不為誰而作的歌][ar:][al:和自己對話][by:GetNoTogether]
丹寧執著(& 消除聯萌),你的溫柔埋藏在我的脈搏連呼吸都能感動每一秒鐘 有你就有我的笑容汗水蒸發在這忙碌十字街頭藍色天空白雲朵編織著美夢大地淬煉不朽我們追尋生活鉚釘扣住你和我 一起向前走我的奮鬥為了你付出所有是我的丹寧執著將會撼動 全宇宙有你的溫柔埋藏在我的脈搏連呼吸都能感動每一秒鐘 有你就有我的笑容從以前 到以後 沒有錯有你就有我的笑容  在  陽光照耀著我描繪幸福輪廓喜歡牽著你的手一起看日落四處熱血揮灑偶而也會迷惑潮起終會有潮落堅持到最後我的奮鬥為了你付出所有是我的丹寧執著將會撼動 全宇宙有你的溫柔埋藏在我的脈搏連呼吸都能感動每一秒鐘 有你就有我的笑容從以前 到以後 沒有錯這是我的丹寧執著從以前 到以後 沒有錯有你快樂變得不同[ti:丹寧執著(& 消除聯萌)][ar:][al:丹寧執著(& 消除聯萌)][by:鄭范姜]
主角,RAP：金字塔不能沒有法老王萬里長城不能沒有秦始皇你們都需要這一堂課就像古典音樂需要蕭邦搖滾樂不能沒有披頭四就像Hip Hop不能沒有麻吉幫這個舞台不能沒有人發光 所以現在讓我們來點亮RAP:這個地方 我稱王 這個地方 我釋放曾經我對生命對未來對世界也有點迷惘終於我發現唯一方向 找回自我在這舞臺上嘀嘀嗒 嘀嘀嗒 加快心跳 黑壓壓 黑壓壓 正熱鬧我們今晚 當主角劈劈啪 劈劈啪 不留片甲 霎那那 霎那那 燈光下  在  誰領風騷 還看今朝甩 用力甩 用力甩開了單調搖 慢慢搖 盡情搖(人人都能為自己驕傲)愛 永遠愛 這感覺無法取代跳 心在跳 這一秒(High到最高 我今晚當主角)RAP:我是加百列屬於天堂 我是阿姆斯壯需要踏上月亮 鼓聲已敲響箭在弦上聚光燈就是炙熱太陽 我的好戲請你慢慢欣賞準備好張開我翅膀 準備好往天空飛翔RAP:我的宿命 已決定方向 我不會停下 也不會退讓我是王維 屬於那故鄉 我是趙雲 屬於沙場若我是個頑童 舞台就是我的遊樂場台下的掌聲給了我力量 台上的我因你而堅強
他說,他靜悄悄地來過 他慢慢帶走沉默只是最後的承諾 還是沒有帶走了寂寞我們愛的沒有錯 只是美麗的獨秀太折磨他說無所謂只要能在夜裡翻來覆去的時候有寄託等不到天黑 煙火不會太完美回憶燒成灰 還是等不到結尾他曾說的無所謂 我怕一天一天被摧毀等不到天黑 不敢凋謝的花蕾綠葉在跟隨 放開刺痛的滋味今後不再怕天明 我想只是害怕清醒他靜悄悄地來過 他慢慢帶走沉默只是最後的承諾 還是沒有帶走了寂寞我們愛的沒有錯 只是美麗的獨秀太折磨他說無所謂  在  只要能在夜裡翻來覆去的時候有寄託等不到天黑 煙火不會太完美回憶燒成灰 還是等不到結尾他曾說的無所謂 我怕一天一天被摧毀等不到天黑 不敢凋謝的花蕾綠葉在跟隨 放開刺痛的滋味今後不再怕天明 我想只是害怕清醒等不到天黑 煙火不會太完美回憶燒成灰 還是等不到結尾他曾說的無所謂 我怕一天一天被摧毀等不到天黑 不敢凋謝的花蕾綠葉在跟隨 放開刺痛的滋味今後不再怕天明 我想只是害怕清醒不怕天明 我想只是害怕清醒
以後要做的事,還沒走到最後 請別低著頭沿途撿的夢 是否有些不安和迷惑有些應該緊握 有些該放手會隱隱作痛 走過才是真實的自我別逃避我們以後要做的事情多些幻想少一些 猶豫的途徑路不該是疑問句 要比誰都清晰時間從來不為誰暫停了前進就像愛從來不曾會風平浪靜未來就會揭謎底 命運捧在我手心還沒走到最後 請別低著頭沿途撿的夢 是否有些不安和迷惑有些應該緊握 有些該放手會隱隱作痛 走過才是真實的自我  在  別逃避我們以後要做的事情多些幻想少一些 猶豫的途徑路不該是疑問句 要比誰都清晰時間從來不為誰暫停了前進就像愛從來不曾會風平浪靜未來就會揭謎底 命運捧在我手心或許會不知所措 痛過才浮現彩虹越純粹就越感動 我一抬頭 是最初的天空別逃避我們以後要做的事情多些幻想少一些 猶豫的途徑路不該是疑問句 要比誰都清晰時間從來不為誰暫停了前進就像愛從來不曾會風平浪靜未來就會揭謎底 命運捧在我手心
你要的不是我,怎麼能忘 時間多長你快樂嗎 想代替你回答你知道嗎 走了好遠我才能去面對這份牽掛 沉默傷悲你要的不是我心碎的失去輪廓曾經給你的感動  在  只是情緒的波動能給的不是我放任你沉溺自由掩飾不了我的笨拙就連說話都會顫抖我被遺忘在 你遺忘的角落
你，有沒有過,都什麼時候了浪潮退下了你還坐在這等 天氣或心情缺一都不可拖拖拉拉勇氣不見了風 摀住了耳朵撲通撲通不普通聽聽心跳聲有一天 世界會斑駁回憶成為所有每段故事都值得煩惱留啊留啊留會留成愁不被看好的青春叫做成長考驗躲啊躲啊躲也躲不過我的眼淚流過心碎的時刻你有沒有過你 有沒有過奮不顧身 飛蛾撲火都 什麼時候了  在  夜 色安靜了你還坐在這夢是 另一個星球我獨居在裡頭 跌跌撞撞懷疑自己你 伸出的雙手安靜擁抱我都會過去的最 洶湧的折磨天亮前找到了是現在的你我煩惱留啊留啊留會留成愁不被看好的青春叫做成長考驗躲啊躲啊躲也躲不過我的眼淚流過心碎的時刻煩惱留啊留 啊留會留成愁不被看好的青春叫做成長考驗躲啊躲啊躲也躲不過我的眼淚流過心碎的時刻你有沒有過
保護色(Protective Colors)(&張韶涵),眼角 是我靈魂的缺角 是愛情的保護罩不想變糟糕 就讓世界都顛倒藏起 華麗的羽毛 收起 驕傲的棱角愛你 我穿上迷彩 也偽裝 我的微笑(Rap)：Angela's back with a new grooveIf ya don't know what it iscall yourself a NOOBand JJ's makin' it soundcall yourself a NOOBa little Indian'ishCatch a glimpse of what it isJJ's R&B!要你看到 善變代表對你太感冒要你聽到 我有我的獨特思考要你看到 愛情不只華麗的外表揚起嘴角 永遠猜不到的下一秒就像變色龍異想的世界可以隨心情 換上外套可以偽裝起來 開你玩笑  在  Oh~Oh~Oh~這是我的新指標你害怕就走掉 我不討好要你看到 善變代表對你太感冒要你聽到 我有我的獨特思考要你看到 愛情不只華麗的外表揚起嘴角 永遠猜不到的下一秒(Rap)：ㄟ 唱回自己 歌真棒但 不知原唱 的人怎麼想嘿 來啦來啦 Angela Come onＪ 我一不在 你就自ＨＩＧＨＪ 我若不在 開ＰＡ 怎麼好玩嘿 朋友一起 Fun 才會爽快在這裡 在那裡 I will watch your back要你看到 善變代表對你太感冒要你聽到 我有我的獨特思考要你看到 愛情不只華麗的外表揚起嘴角 永遠猜不到的下一秒要你看到 善變代表對你太感冒要你聽到 我有我的獨特思考要你看到 愛情不只華麗的外表揚起嘴角 永遠猜不到的下一秒 
信心旅行(&何耀珊),收拾我所有的行李搭乘末班希望班機和信心一起旅行這次要學習不逃避揮別我所有的恐懼勇敢地走下去幸福在這一瞬間(慢慢累積)山谷百合正開放(不用嘆息)
修煉愛情,憑什麼要失望 藏眼淚到心臟往事不會說謊別跟它為難我們兩人之間不需要這樣我想修煉愛情的心酸 學會放好以前的渴望我們那些信仰 要忘記多難遠距離的欣賞 近距離的迷惘誰說太陽會找到月亮別人有的愛 我們不可能模仿修煉愛情的悲歡 我們這些努力不簡單快樂煉成淚水 是一種勇敢幾年前的幻想 幾年後的原諒為一張臉去養一身傷別講想念我 我會受不了這樣記憶它真囂張 路燈把痛點亮情人一起看過多少次月亮他在天空看過多少次遺忘多少心慌修煉愛情的心酸 學會放好以前的渴望我們那些信仰 要忘記多難  在  遠距離的欣賞 近距離的迷惘誰說太陽會找到月亮別人有的愛 我們不可能模仿修煉愛情的悲歡 我們這些努力不簡單快樂煉成淚水 是一種勇敢幾年前的幻想 幾年後的原諒為一張臉去養一身傷別講想念我 我會受不了這樣 OH~~~~~笑著說愛讓人瘋狂哭著說愛讓人緊張忘不了那個人就投降 OH~~~修煉愛情的悲歡 我們這些努力不簡單快樂煉成淚水 是一種勇敢 OH~~幾年前的幻想 幾年後的原諒為一張臉去養一身傷別講想念我 我會受不了這樣幾年前的幻想 幾年後的原諒為一張臉去養一身傷別講想念我 我會受不了這樣
偉大的渺小,一朵玫瑰被刺圍繞 也許它也渴望擁抱海豚臉上總有微笑 也許淚被大海洗掉是不讓人知道 你我幸福或難熬好或糟 藏進外表的孤傲其實我想要 一種美夢睡不著 一種心臟的狂跳瓦解界線不被撂倒 奔跑 依靠我心中最想要 看你看過的浪潮 陪你放肆地年少從你眼神能找到 解藥宇宙一絲一毫 偉大並非湊巧我 握的手握好 我 或許很渺小也絕不逃夜晚星辰高調閃耀 也許是最後的燃燒候鳥能自由飛得高 也許是流浪的符號可是誰又知道 你我曾有過煎熬  在  把客套 捍衛僅有的驕傲其實我想要 一種美夢睡不著 一種心臟的狂跳瓦解界線不被撂倒 奔跑 依靠我心中最想要 看你看過的浪潮 陪你放肆地年少從你眼神能找到 解藥宇宙一絲一毫 偉大並非湊巧我 握的手握好 我 或許很渺小那之前我要 抱你在逆流人潮 懂你每個淚和笑從你故事中找到 美妙 努力不會徒勞愛並非湊巧 我們握的手握好我們就算很渺小 也絕不逃握的手握好 我有多渺小也做得到
全面開戰(& 林志穎),不是一夥 不會懂 這節奏不用多說 你出手 就有我最佳助攻 像你的 左右手一票難求 那還用說世界握在 你手中 像煙火燦爛的關鍵 是放手一搏Clash of Clans Oh～第一輪猛攻Clash of Clans Oh～我做你拳頭Clash of Clans Oh～誰打不還手Clash of Clans Oh～絕不會是我全面開戰 全面開戰造一個夢 用熱血 用戰鬥逐步踏上 生命的 最高峰兄弟出手 就知道 有沒有你加入我 最強的部落世界握在 你手中 像煙火  在  燦爛的關鍵 是放手一搏Clash of Clans Oh～又一輪猛攻Clash of Clans Oh～我做你拳頭Clash of Clans Oh～誰打不還手Clash of Clans Oh～絕不會是我全面開戰 全面開戰像遊戲 卻充滿生命一句話 化成灰也願意是兄弟 沒有在客氣你乾杯 我ALL IN當敵人高唱著勝利逆轉勝 會更美麗當戰場 永無止境就由我們自己決定 yeahClash of Clans Oh～再一輪猛攻Clash of Clans Oh～我做你拳頭Clash of Clans Oh～深植腦海中Clash of Clans Oh～復仇的前奏Clash of Clans～Clash of Clans  
凍結,不小心回到那一天　不小心一切又重演你如此完美的一切　竟會出現在我的世界你說話不愛說第二遍　但偏在情人節那一夜給　我你心愛的項鍊　說了三次對我的愛戀我那時糊塗　不明白為何你會哭後知後覺以後　領悟＊凍結那時間　凍結初遇那一天　凍結那愛戀　凍結吻你那瞬間　我也會疲倦　你的項鍊　在我身邊　帶我穿梭回從前　凍結那空間　凍結有你的世界  在  　凍結那畫面　凍結不讓它溶解　我若是疲倦　你的項鍊　在我身邊　發光在我胸前　你的項鍊　在我身邊　陪伴著我過每一天Repeat all onceYeah~Repeat ＊你的項鍊　在我身邊　發光在我胸前你的項鍊　在我身邊　陪伴著我過每一天
剪雲者,孤單看天上那朵雲呢 銀灰色它安靜的俯瞰著我失散的愛它飄浮著呢 旅行著想飛開但又依依不捨魔術般的 定在那兒 特別神秘的剪一片雲拽著 紀念曾珍惜的就此遠去了 但是心還懸著剪一片雲愛著我喜歡獨自記得成為一個收藏者偶而懷念她 也不錯天空的嘆息沒有顏色 狠心的鑽進了我的心喊我記憶很麻煩也很苦澀 丟下呢雲沒有名字像個孤兒看似快樂 流浪慣了 這麼說它真的真的不負責  在  剪一片雲拽著 紀念曾珍惜的就此遠去了 但是心還懸著剪一片雲愛著我喜歡獨自記得成為一個收藏者偶而懷念她剪一片雲拽著 紀念曾珍惜的就此遠去了 但是心還懸著剪一片雲愛著我喜歡獨自記得成為一個收藏者偶而懷念她 也不錯以前深愛的 現在呢剪下的雲呢 隱形了
加油,不管自己來自哪裡,我覺得,我在這裡要獻給大家這一首..額..特別的歌曲,因為這首歌呢,是我特別寫來為大家加油的一首歌,也是我今天的最後一首歌曲,謝謝大家來到這裡.<加油!>送給大家.ye-yi-ye-yi-yeah~~wu-wo-wu-wo-wu-wo~~最近你好嗎 少了一點微笑說的話有點少 yeah~oh~最近我也不好 全世界都在逆轉人開始反向思考發現你愛的人到處跑昨晚剛升職 今天被炒莫名其妙 誰會知道是不是上天開的玩笑地震時 你想和誰擁抱什麼是生命中的美好輕易放掉 卻不知道幸福就在下一個轉角說一聲加油 一切更美好所有的悲傷 請往邊靠曾經流過的淚濕了傷口就讓 陽光曬乾而褪這一種加油 人人都需要手牽手 我們一起賽跑說好不見不散 每分每秒守候你到老 yeah~The beat goes on 時間它一直走就像是Life goes on 這過程或許痛不管順流或逆流 你總得抬起頭讓我們一起走 讓我們一起走 走過艱難和困惑發現你愛的人到處跑昨晚剛升職 今天被炒  在  莫名其妙 誰會知道是不是上天開的玩笑地震時 你想和誰擁抱什麼是生命中的美好輕易放掉 卻不知道幸福就在下一個轉角 wo~~hey~wu~說一聲加油 一切更美好所有的悲傷 請往邊靠曾經流過的淚濕了傷口就讓 陽光曬乾而褪這一種加油 人人都需要手牽手我們一起賽跑說好不見不散 每分每秒守候你到老 yeah~關關是難關 但我們關關過雨後天晴的陽光在天空閃閃爍出現了彩虹 忽然間我們才懂如果這是一場馬拉松 那我們一起加油wo~~yeah~~~~讓我們一起加油~~~~wo~~~~Come On~wu~~~~這一種加油 人人都需要手牽手我們一起賽跑說好不見不散 每分每秒守候你到老 wo~~~~wu~~~~JJ:謝謝!謝謝你們來到JJ Party!嗚~!我愛你們!Thank you!下次見!拜拜!-The End- 
十秒的衝動,狹小的廚房 擁擠的沙發竟然能在你走後 變這麼空蕩夢被竊取的每個晚上醒著在往事裡面流浪情緒太滿我跟黑夜講話可是沒有誰安慰回答否認不了I miss you十秒的衝動 讓幸福開頭但最後的衝動 讓感情遠走被回憶淹沒忙碌的背後 失神的凝望窗外的一朵浮雲 迷失了方向  在  對於愛情有著太多想像才會怪對方讓人失望否認不了 I miss you十秒的衝動 讓幸福開頭但最後的衝動 讓感情遠走被回憶淹沒愛恨常常為了同樣一個理由熱戀時候喜歡情濃 不愛了就嫌沉重抵抗不了 I miss you最初的衝動會召喚笑容但最後的衝動 無法再回頭只剩下疼痛
原來,爾/林秋街燈絆住我眼前 下一步拉長的影子 嘲弄的回顧電話亭仍留著你的話一句話 掉一滴淚今晚的我 會是如何入睡原來最疼痛的表情 竟是沒有情緒原來最殘忍的畫面 可以甜言蜜語我不懂得如何更愛你影子諷刺地 跟著我難分難離原來最孤單的是 我還是那麼想你原來最悲哀的是 我不能面對自己你 收的乾淨我也會 不留一點痕跡說故事也要像是真的可是 別觸動那些回憶今夜你說了最後一句一句話 掉一滴淚看來今晚的我 很難入睡  在  原來最疼痛的表情 竟是沒有情緒原來最殘忍的畫面 可以甜言蜜語我不懂得如何更愛你影子諷刺地 跟著我難分難離原來最孤單的是 我還是那麼想你原來最悲哀的是 我不能面對自己你 收的乾淨我也會 不留一點痕跡原來最疼痛的表情 竟是沒有情緒原來最殘忍的畫面 可以甜言蜜語我不懂得如何更愛你影子諷刺地 跟我 難分難離原來最孤單的是 我還是那麼想你原來最悲哀的是 我不能面對自己你 收的乾淨我也會 不留一點痕跡
友人說(&懷秋),比情歌更動聽 當你聽到有人說比感冒更流行 誰和誰的友人說全世界都相信 但每一張嘴都說 不是我全都不是我 千萬別告訴別人 喔喔喔秘密只說給你聽 勾勾手有人說 對或錯誰的曖昧又對號入座 yeah~一句問候就被想太多 yeah~順道變成 溫馨的接送禮貌被當成溫柔就這樣傳遍了耳朵比情歌更動聽 當你聽到有人說比感冒更流行 誰和誰的友人說全世界都相信 但每一張嘴都說 不是我全都不是我 千萬別告訴別人 喔喔喔秘密只說給你聽 勾勾手有人說 對或錯什麼時候有這個朋友 Hello~和你分享虛擬的傳說RAP:  在  你說他說誰說 說太多我看不懂好像撲朔迷離的小說 oh其實歷史課本都說 戰爭都是對方的錯 對或錯比情歌更動聽 當你聽到有人說比感冒更流行 誰和誰的友人說全世界都相信 但每一張嘴都說 不是我全都不是我 千萬別告訴別人 喔喔喔秘密只說給你聽 勾勾手有人說 對或錯比情歌更動聽 當你聽到有人說比感冒更流行 OH~YEAH全世界都相信 但每一張嘴都說 不是我全都不是我 千萬別告訴別人 喔喔喔秘密只說給你聽 勾勾手有人說 都怪我RAP:你說他說誰說 他說你說我說我說她說他說 他說你說我說我說他說誰說 誰說你說我說管他誰說的 聽我們的
只對你有感覺(Feel For You),無解的眼神　心像海底針光是猜測　我食慾不振有點煩人　又有點迷人浪漫沒天份　反應夠遲鈍不夠謹慎　花挑錯顏色但很矛盾　喜歡你的笨微笑　再美　再甜　不是妳的　都不特別眼淚　再苦　再鹹　有你安慰　又是晴天靠的　再近　再貼　少了擁抱　就算太遠全世界只對你(妳)有感覺玩的　再瘋　再野　妳瞪一眼　我就收斂馬路　再寬　再遠　只要你牽　就很安全我會　又乖　又黏　溫柔體貼　絕不敷衍我只對你(妳)有感覺我只對你(妳)有感覺體貼卻黏人　愛哭卻溫順有時天真　有時很邪惡對妳耍狠　就是捨不得請吸收養分　讓腦袋平衡  在  要你現身　動作慢吞吞怎麼承認　我非你不可微笑　再美　再甜　不是妳的　都不特別眼淚　再苦　再鹹　有你安慰　又是晴天靠的　再近　再貼　少了擁抱　就算太遠全世界只對你(妳)有感覺玩的　再瘋　再野　妳瞪一眼　我就收斂馬路　再寬　再遠　只要你牽　就很安全我會　又乖　又黏　溫柔體貼　絕不敷衍我只對你(妳)有感覺我只對你(妳)有感覺微笑　再美　再甜　不是妳的　都不特別眼淚　再苦　再鹹　有你安慰　又是晴天靠的　再近　再貼　少了擁抱　就算太遠全世界只對你(妳)有感覺玩的　再瘋　再野　妳瞪一眼　我就收斂馬路　再寬　再遠　只要你牽　就很安全我會　又乖　又黏　溫柔體貼　絕不敷衍我只對你(妳)有感覺我只對你(妳)有感覺
只對你說,站在寂寞的舞台上燈光下拖著自己的 影子音樂重複我們共同 的憂傷不是每一次的演唱就可以淡忘明天沒有你In my heart we'll never be apart＃殘留手上的香味提醒我　在數位相機裡留下的承諾　每一封簡訊傳出的思念　都對你說△사랑해요　means I love you　代表著我　離不開你　每分每秒　每一個聲音　只有你撒嬌　會讓我微笑　사랑해요　只對你說  在  　I'll love you and forevermore　我答應　baby you will see　每一個我都屬於你　yeah~Repeat ＃,△사랑해요　means I love you代表著我　離不開你每分每秒　每一個聲音只有你撒嬌　會讓我微笑사랑해요　只對你說I'll love you and forevermore我答應　baby you will see每一個我都屬於你(Oh~ baby I will love youBecause　我都屬於你　yeah~)
只要有你的地方,你是我肩膀堅定的力量聽不到你的迴響 還真說不出晚安懶洋洋 因為互相在依傍時間怎麼過去 有你也不會冤枉為誰辛苦為誰忙 只為了和你分享只要你的淚光 照耀著我胸膛只要我的生命 你肯讓我安放不管外面風雨有多煩亂 日子過得再緊張我的情緒 你的表情 就能釋放只要在你目光 看得見的地方我會永遠記住 要活得更堅強要是人生難免有遺憾有你在身旁 已經是最好的補償你是我身影流浪的方向汗水找到你的臉 世態炎涼也無妨  在  我抬頭 看你像看到月亮你低頭 會不會想我 像思念故鄉為誰辛苦為誰忙 眼中有對方不慌不忙只要你的淚光 照耀著我胸膛只要我的生命 你肯讓我安放不管外面風雨有多煩亂 過的日子多緊張我的情緒 你的表情我們再不用隱瞞 卸下武裝只要在你目光 看得見的地方我會永遠記住 要活得更堅強要是人生難免有遺憾有你在身旁 試問我們還想怎樣艱苦又怎樣有你的地方 人生就不需要什麼答案
可惜沒如果,假如把犯得起的錯 能錯的都錯過應該還來得及去悔過假如沒把一切說破那一場小風波 將一笑帶過在感情面前 講什麼自我要得過且過 才好過全都怪我不該沉默時沉默 該勇敢時軟弱如果不是我 誤會自己灑脫 讓我們難過可當初的你 和現在的我 假如重來過倘若那天把該說的話好好說 該體諒的不執著如果那天我 不受情緒挑撥 你會怎麼做那麼多如果 可能如果我可惜沒如果 只剩下結果如果早點了解 那率性的你或者晚一點 遇上成熟的我不過 oh  在  全都怪我不該沉默時沉默 該勇敢時軟弱如果不是我 誤會自己灑脫 讓我們難過可當初的你 和現在的我 假如重來過倘若那天把該說的話好好說 該體諒的不執著如果那天我 不受情緒挑撥 你會怎麼做那麼多如果 可能如果我可惜沒如果 沒有你和我都怪我不該沉默時沉默 該勇敢時軟弱如果不是我 誤會自己灑脫 讓我們難過可當初的你 和現在的我 假如重來過倘若那天把該說的話好好說 該體諒的不執著如果那天我 不受情緒挑撥 你會怎麼做那麼多如果 可能如果我可惜沒如果 只剩下結果可惜沒如果
單挑, I was like wow! Surpruse me!(FAMA) You know, you weren't like this a long time ago. 你以前沒有這麼厲害!(JJ) 真的嗎?(FAMA) Yeah.(JJ) Well, it's a good sign!(FAMA) Yeah, but 還是不夠屌 though...(JJ) 什麼?(FAMA) 還是...還是不夠屌!  在  (JJ) 還是不夠屌?(FAMA) Yeah!(JJ) 怎樣才算屌?(FAMA) 等你到比我屌的時候才算屌!(JJ) 等比你屌才算屌?(JJ) 那我現在就可以比你屌(FAMA) What? You trippin'? You serious?(FAMA) Alright fine, let's battle!(FAMA) 我們來battle一場，好久沒有battle了!(JJ) Really? You wanna battle?(FAMA) Yeah! Show me what you got!(JJ) Watch me. 
四點四十四,四點四十四靈魂蒸發理智掉了漆還在粉刷意識潛意識到底誰在說話 對白交錯沒有文法追尋真理或安於現狀選擇墨菲斯哪顆藥丸紅藍的抉擇何必掙扎 我色盲只能裝傻想安靜卻靜不下來 夜色精彩 醉人徘徊祂的輪廓記不起來 油門一踩留下的黑白只為世人難以忘懷這是什麼現象對 是前所未見亂象別說我在想像快 將我從崖上推下反射的我被鏡子拘押他說他認輸想要回家右腦吵左腦誰是真假 矛與盾爭鋒沒有時差心裡這場雨傾盆而下撐傘是否算活在當下哪片草坪被任意踐踏 蹲下一看 我在腳下抓著神智醒不過來 過分期待 是我活該精疲力竭喊破聲帶 只能放開  在  重力加速度 路人只看精彩我憤世但我 說不出來我不想這樣這是什麼現象對 是前所未見亂象別說我在想像快 將我從崖上推下還有多久 才過四點四十四拿起手機 電源剩四十四抬頭 紅燈 也剩下四十四幾月 幾號 四月四十四是 不是不是 四 不四不四視 不視不視 四 不四不四識 不識不識 四 不四不四試 不試不試 四 不四不四不四不四是 不是不是 四 不四不四視 不視不視 四 不四不四識 不識不識 四 不四不四試 不試不試 是 不三不四
因你而在,我為你心跳 我為你祈禱因為愛讓我們能遇到因為你開始燃燒 痛才慢慢治療我要和你擁抱 牽你的手一起去奔跑你存在的這一秒 會不會是我依靠給我的微笑 全都記在腦海了變成快樂的符號節奏在跳躍 這是戀愛的預兆挑動我每一個細胞天亮才睡覺 讓我思緒都顛倒這次我不想放掉防備全關掉 只許你無理取鬧慢慢走進你的步調心也一層一層被你融掉一天一天為你開竅一秒一秒想你的微笑我為你心跳 我為你祈禱因為愛讓我們能遇到因為你開始燃燒 痛才慢慢治療我要和你擁抱 牽你的手一起去奔跑你存在的這一秒 會不會是我依靠  在  給我的微笑 全都記在腦海了變成快樂的符號節奏在跳躍 這是戀愛的預兆挑動我每一個細胞天亮才睡覺 讓我思緒都顛倒這次我不想放掉防備全關掉 只許你無理取鬧慢慢走進你的步調心也一層一層被你融掉一天一天為你開竅 一秒一秒想你的微笑我為你心跳 我為你祈禱因為愛讓我們能遇到因為你開始燃燒 痛才慢慢治療我要和你擁抱 牽你的手一起去奔跑你存在的這一秒 會不會是我依靠Baby you're my one and only yeah~you and meBaby you're my one and only yeah~you and meBaby you're my one and only yeah~you and meBaby you're my one and only yeah~you and me[ti:因你而在][ar:][al:因你而在 Stories Untold][by:Dolin陳冬霖]
壓力,剛它偷偷摸摸　混進了人類群中　話沒有多說　打開了門的鎖我們的生活　忙得我們都不懂　我們的軟弱　怎麼說　怎麼做　它全都已識破＃人啊那麼多　為什麼選上我　虛空與失落　你一一都給我　到底誰的錯　我選你你選我　血管就要破　請你請你饒我＊黑暗的角落　誰都不會很清楚　它為了什麼　一直在咬耳朵　當工作一多　它就在背後　等時機成熟　親愛的　不用說　它已對你下手  在  Repeat ＃　＊人啊那麼多　為什麼選上我　虛空與失落　你一一都給我到底誰的錯　我選你你選我　血管就要破　請你請你△這世界遼闊　求你別來煩我　原來的生活　都慢慢被你逼迫　到底誰的錯　我選你你選我　血管就要破　請你請你饒我Repeat △
大男人小女孩,不是我的錯　我們都聽過完美的時候　要更多　吵架時又說得太多有時候的我　只想和你一樣沉默不想當那囉囉唆唆 水也滅不掉的火也許大男人 真的很難忍(沒那麼男人)  在  少了點風度還是不承認有時候錯的並不知道錯的不想藉口只是直接一點說有時候女孩沒那麼小孩心裡的無奈也需要點關懷遺憾的已都變成勉強了　怎麼能重新再來
天使心,看妳在鬧　看妳在笑　看妳的眼淚在掉　聽妳深夜裡的祈禱　看妳在忙　看你偷懶　看妳對天空吶喊　聽妳說妳很煩＃我可以飛　我不會累　我擦過妳的眼淚　妳卻從來沒見過我　我發著光　白色的光　曾掠過妳的臉龐　我懂妳的心事　只因為我是妳的Angel△當妳碰到任何困難　我會守在一旁　帶妳越過每一座山　世界總有光明黑暗　至少有我做伴　就讓我陪妳到天亮  在  　人心冷漠讓妳絕望　妳有我在身旁　不用到處尋找希望Repeat ＊,＃,△,△我這裡是安全地帶　配合妳生活節拍　別懷疑有我的存在妳閉上眼臨睡以前　我就會在妳耳邊　拿走妳的心事Baby 我是妳的 Angel
女兒家,女兒家　怎麼樣　要怎麼穿　要怎麼想　你來管女兒家　怎麼樣　就是愛打扮　司空見慣女兒家　怎麼樣　要怎麼穿　要怎麼想　你來管女兒家　怎麼樣　愛變化無常　就是爽＊女兒家　怎麼樣　要怎麼穿　要怎麼想　你來管　女兒家　怎麼樣　就是愛打扮　司空見慣  在  　女兒家　怎麼樣　要怎麼穿　要怎麼想　你來管　女兒家　怎麼樣　沒那麼簡單你說你說　要愛我　有沒有任何線索＃甜蜜的話　可愛的傻　不是每天都要通電話　要見我也要給我一對翅膀　有時浪漫　有空冷戰　你想我時我已在夢鄉　我愛你愛我也可以變得好玩Repeat ＊,＃　＃
她說(She Says),他靜悄悄地來過 他慢慢帶走沉默只是最後的承諾 還是沒有帶走了寂寞我們愛的沒有錯 只是美麗的獨秀太折磨她說無所謂只要能在夜裡翻來覆去的時候有寄託等不到天黑 煙火不會太完美回憶燒成灰 還是等不到結尾她曾說的無所謂 我怕一天一天被摧毀等不到天黑 不敢凋謝的花蕾綠葉在跟隨 放開刺痛的滋味今後不再怕天明 我想只是害怕清醒他靜悄悄地來過 他慢慢帶走沉默只是最後的承諾 還是沒有帶走了寂寞我們愛的沒有錯 只是美麗的獨秀太折磨她說無所謂只要能在夜裡翻來覆去的時候有寄託  在  等不到天黑 煙火不會太完美回憶燒成灰 還是等不到結尾她曾說的無所謂 我怕一天一天被摧毀等不到天黑 不敢凋謝的花蕾綠葉在跟隨 放開刺痛的滋味今後不再怕天明 我想只是害怕清醒等不到天黑 煙火不會太完美回憶燒成灰 還是等不到結尾她曾說的無所謂 我怕一天一天被摧毀等不到天黑 不敢凋謝的花蕾綠葉在跟隨 放開刺痛的滋味今後不再怕天明 我想只是害怕清醒不怕天明 我想只是害怕清醒
她說,她靜悄悄地來過 她慢慢帶走沉默只是最後的承諾 還是沒有帶走了寂寞我們愛的沒有錯 只是美麗的獨秀太折磨她說無所謂 只要能在夜裡翻來覆去的時候有寄託等不到天黑 煙火不會太完美回憶燒成灰 還是等不到結尾她曾說的無所謂 我怕一天一天被摧毀等不到天黑 不敢凋謝的花蕾綠葉在跟隨 放開刺痛的滋味今後不再怕天明 我想只是害怕清醒她靜悄悄地來過 她慢慢帶走沉默只是最後的承諾 還是沒有帶走了寂寞我們愛的沒有錯 只是美麗的獨秀太折磨她說無所謂 只要能在夜裡翻來覆去的時候有寄託等不到天黑 煙火不會太完美  在  回憶燒成灰 還是等不到結尾她曾說的無所謂 我怕一天一天被摧毀等不到天黑 不敢凋謝的花蕾綠葉在跟隨 放開刺痛的滋味今後不再怕天明 我想只是害怕清醒等不到天黑 煙火不會太完美回憶燒成灰 還是等不到結尾她曾說的無所謂 我怕一天一天被摧毀等不到天黑 不敢凋謝的花蕾綠葉在跟隨 放開刺痛的滋味今後不再怕天明 我想只是害怕清醒不怕天明 我想只是害怕清醒
好心情,一見你就有好心情 不用暖身就會開心 因為眼睛耳朵都有了默契你知道我有多麼瞭解你有你就有好心情 像夏天吃著冰淇淋 因為想法感受都有了感應每個眼神都變成了動力如果世界是一片汪洋森林 我選擇和你同一棵樹棲息不用懷疑 我就是那麼在乎你如果愛情會讓人脆弱無力 朋友卻可以讓人恢復元氣不用懷疑 你就是有這種魔力我知道 是上天安排我們在這時刻相遇在一起我們都被祝福 常常有好心情一見你就有好心情 不用暖身就會開心 因為眼睛耳朵都有了默契你知道我有多麼瞭解你有你就有好心情 像夏天吃著冰淇淋 因為想法感受都有了感應每個眼神都變成了動力如果愛情會讓人脆弱無力 朋友卻可以讓人恢復元氣  在  不用懷疑 你就是有這種魔力我知道 是上天安排我們在這時刻相遇在一起我們都被祝福 常常有好心情一見你就有好心情 不用暖身就會開心 因為眼睛耳朵都有了默契你知道我有多麼瞭解你有你就有好心情 像夏天吃著冰淇淋 因為想法感受都有了感應每個眼神都變成了動力我知道 是上天安排我們在這時刻相遇在一起我們都被祝福 常常有好心情一見你就有好心情 像礦泉水清涼在心溶化太多太多的情感交集 不是三言兩語可以言喻有你就有好心情 像夏天吃著冰淇淋因為想法感受都有了感應 每個眼神都變成了動力一見你就有好心情 像礦泉水清涼在心溶化太多太多的情感交集 不是三言兩語可以言喻有你就有好心情 像夏天吃著冰淇淋因為想法感受都有了感應 每個眼神都變成了動力
媽媽的娜魯娃,香女：昨夜又夢見你 叫著我的名字你說我是山裡的孩子 風中的寶貝靜靜守護山林 黑暗中的精靈眼睜睜看著相思樹倒下 淚隨河 流向遠方厚一漾娜魯娃 風中的娜魯娃夢裡的百合花 還會不會長大媽媽的娜魯娃 呼喚著我雨再大我不怕 勇敢的娜魯娃男:昨夜又夢見你 叫著我的名字你說我是山裡的孩子 風中的寶貝靜靜守護山林 黑暗中的精靈眼睜睜看著相思樹倒下 淚隨河 流向遠方厚一漾娜魯娃 風中的娜魯娃夢裡的百合花 還會不會長大媽媽的娜魯娃 呼喚著我雨再大我不怕 勇敢的娜魯娃合:厚一漾娜魯娃 風中的娜魯娃夢裡的百合花 還會不會長大媽媽的娜魯娃 呼喚著我雨再大我不怕 勇敢的娜魯娃女:雨再大我不怕 勇敢的  在  合:娜魯娃JJ-PS:我們再次給包小艾掌聲鼓勵鼓勵好不好?哇...小艾呢,幫我唱Demo,<媽媽的娜魯娃>這首歌曲的Demo,這位'美女',她很漂亮噢!而且她很可愛,她在學校裡面是非常優秀的一位學生,又會唱歌,又有才華,又會彈鋼琴,又會打鼓,學校的成績又是班上最好的,所以,其實我認識小艾的時候,其實我覺得我以她為榮,覺得她真的是台灣原住民的驕傲!嗚~!今天很開心能夠請小艾來到現場,而且, (對小艾說) 你的媽媽也來了,對不對?媽媽在哪裡? (小艾的媽媽上場) 嗨~!你弟弟也來了,對不對?你弟弟會打鼓,對不對?我看他在綵排的時候,他一直跟著音樂,(弟弟說:)'哇,你們是音樂之家誒,很厲害.'所以呢,其實我有跟媒體提過說:有機會呢,我要跟小艾繼續合作,希望有一天可以幫她發一張自己的個人專輯.呵呵~~加油加油,小艾.我們在此謝謝小艾.謝謝!
子彈列車,這城市跟貪婪之間零時差　到處佇立冰冷金屬的大廈愛這個字　變超現實的比劃　它是少數人才有的密碼地平線的座標　很數學的線條　關於我的大腦　在抽像思考宇宙間的頻道　發出什麼訊號　是否重要到底　到底誰知道＊遠離人潮　我在祈禱　練習微笑的禮貌　夜色籠罩的隧道看不到　炫耀＃乘坐子彈列車　我跟未來在親熱　前方難以預測跟第一時間在拉扯　乘坐子彈列車　如教徒般的狂熱　我對希望執著　虔誠的　很快樂  在  這個區域是非人類的住家　街道銀幕上的畫面在說話電腦與人性相處的很尷尬　從上世紀就　開始在摩擦再多的按鍵　也無法改變　氣候的晶片四季鮮豔寒冷的溫度已擱淺　再上岸的就是春天不用實驗乘坐子彈列車　我跟未來在親熱　前方難以預測跟第一時間在拉扯乘坐子彈列車　如教徒般的狂熱　我對希望執著　虔誠的Repeat ＊,＃,＃
學不會(Never Learn),rence Teo監制：李偲菘你的痛苦　我都心疼　想為你解決擋開流言　緊握你手　想飛奔往前我相信愛能證明一切　夠真心會超越時間多付出也多了喜悦　讓幸福蔓延總是學不會　再聰明一點記得自我保護　必要時候講些　善意謊言總是學不會　真愛也有現實面不是誰情願　就能夠解決一次爭吵　一個心結　累積著改變内心疏遠　足夠秒殺　外表多濃烈才發現愛不代表一切　再真心也會被阻絕  在  這世界天天有詭雷　隨時會爆裂還是學不會　少浪漫一點拼命著想的事　未必帶來感動　或被感謝還是學不會　解釋我最傷　最累痛死都不願　怪誰把每段癡情苦戀　在此刻排列面前也感覺　不埋怨　只懷念總是學不會　再聰明一點記得自我保護　必要時候講些　善意謊言不是學不會　只是覺得愛　太美值得去沉醉　流淚[ti:學不會][ar:]
學不會,你的痛苦　我都心疼　想為你解決擋開流言　緊握你手　想飛奔往前我相信愛能證明一切　夠真心會超越時間多付出也多了喜悦　讓幸福蔓延總是學不會　再聰明一點記得自我保護　必要時候講些　善意謊言總是學不會　真愛也有現實面不是誰情願　就能夠解決一次爭吵　一個心結　累積著改變内心疏遠　足夠秒殺　外表多濃烈  在  才發現愛不代表一切　再真心也會被阻絕這世界天天有詭雷　隨時會爆裂還是學不會　少浪漫一點拼命著想的事　未必帶來感動　或被感謝還是學不會　解釋我最傷　最累痛死都不願　怪誰把每段癡情苦戀　在此刻排列面前也感覺　不埋怨　只懷念總是學不會　再聰明一點記得自我保護　必要時候講些　善意謊言不是學不會　只是覺得愛　太美值得去沉醉　流淚
完美新世界,是你一束光　琥珀色遠方回憶被傳唱　傷口被遺忘淚水跟著眼眶　流出一道方向牽引著 你我的希望手連手 用心連接宇宙夜光傾透 寒風裡微顫抖古老的記憶 不斷的尋覓因為愛 要堅持到最後手連手 撫平心靈傷口寒風顫抖 還是要往前走當太陽再升起 用愛解凍大地重建 完美新世界 重現你和我生命的無常　說不出模樣  在  我是迎著光　逆著風飄蕩你說暮色蒼茫 空氣開始搖晃不要害怕 走吧 希望就在不遠地方手連手 用心連接宇宙夜光傾透 寒風裡微顫抖古老的記憶 依然不斷的尋覓因為愛 要堅持到最後手連手 撫平心靈傷口寒風顫抖 還是要往前走當太陽再升起 用愛解凍大地重建 完美新世界 重現你和我手連手 用心連接宇宙寒風顫抖 還是要往前走當太陽再升起 用愛解凍大地重現 完美新世界 只有 你和我 
害怕,WU~~~~~WO~~我突然覺得有點怕　愛跟生活的一切你以為我知道怎麼拆開　我們的想法和落差＊我的愛　是說停不能停　已經濃的不能說是曾經　也可說成我是錯的　還未曾變成真的　也沒談到多少你需要的愛  在  ＃我不再　去執著我是誰　或是我在夜裡掉的眼淚　也可說我看不開的　為你我能做的　竟還沒讓你相信是愛情　左右你我而哭泣都是因為愛　別逼自己不掉淚這網裏不只是有你　這網裏我也撐著　拼了命的守著Repeat ＊,＃　＊,＃
將故事寫成我們(The Story Of Us),這最美的秘密  是我們都在製造巧遇誰說幸福  只是一種  遠方的消息思念持續著濃郁  夢甘甜下去  誓言繼續陪妳  累積所有回憶暖手的是熱茶  暖心的是  妳一句話許給你一個家  再圍上  我的牽掛這故事  開始一個人  我認真  寫成了我們這段緣分  沒有人轉身妳也  開始修改劇本  加重我的戲分初心單純  給了妳的吻這一生  原本一個人  妳堅持  廝守成我們所有未來  說好了一起等青春  的誓言扎了根  願望比誰都深過了門  永遠是  一家人這最美的秘密  是我們都在製造巧遇誰說幸福  只是一種  遠方的消息思念持續著濃郁  夢甘甜下去  誓言繼續陪妳  累積所有回憶暖手的是熱茶  暖心的是  妳一句話許給你一個家  再圍上  我的牽掛這故事  開始一個人  我認真  寫成了我們  在  走過紅塵  再也不怕冷某天離開  這一座城  我去哪妳都跟微笑的說  妳是我的人 wo~這一生  原本一個人  妳堅持  廝守成我們卻小小聲  牽著手在默認感動的眼神  說願意  走進我的人生進了門  開了燈  一家人執子之手  如此溫柔  天長地久  並肩走妳深情  凝望著我說  幸福  是妳  有了我這劇本  開始一個人  我認真  寫成了我們走過紅塵  再也不怕冷某天離開  這一座城  我去哪妳都跟微笑的說  妳是我的人這一生  原本一個人  妳堅持  廝守成我們卻小小聲  牽著手在默認感動的眼神  說願意  走進我的人生進了門  開了燈  一家人盼來生  依然是  一家人
對的時間點,生活刻琢了容顔 天真被逐漸刪減人們將負累都歸咎於時間然而成熟能成全 果實它該有的甜只為時間慫恿季節的改變信誓旦旦的宣言 色調會逐年變淺人們將缺憾都怪罪於時間然而成長到成年 淚痕之所以復原只為時間稀釋傷感的根源如果 愛情是場遠程的渦旋儘管繞著圈子 也要走向前不離心太遠我要面朝最藍的 晴天不脫離軌道 有你在身邊如果 生命是場寂寞的渦旋不管千迴百轉 方向不會偏起飛前看一眼 每張我愛過的臉每個交錯和無緣 都在潛意識挑選對的時間點  在  從前未來的關聯 拉開記憶才明顯你我都出現在最好的時間不然相逢到相連 為何像有過預演只為時間是串起兩人的線如果愛情是場遠程的渦旋儘管繞著圈子 也要走向前不離心太遠我要面朝最藍的 晴天不脫離軌道 有你在身邊如果 生命是場寂寞的渦旋不管千迴百轉 方向不會偏起飛前看一眼 每張我愛過的臉每個交錯和無緣 都在潛意識挑選對的時間點
小瓶子,手握著小瓶子 裝平凡的日子生活的大小事 熟悉的過客倒影中看彼此 各種喜怒哀樂緊扣著手指 最初的掩飾漂向遠方的影子紛紛 折疊的沉默層層 隱藏另一個我說著 不完美的音色穿過 一朵朵絢爛的漩渦匆匆 風吹花開日落時間啊 解開我的迷惑許下的願望 在天邊海角鋪成了銀河等著 流浪的你來牽住我的手漂流的小瓶子 裝哭笑的樣子瘋狂或是幼稚 憂傷或天真思念也會帶刺 也會透出光澤  在  緊扣的手指 眼裡的誠實倒映彼此的影子最後的割捨鎖進了盒子寫下新的故事紛紛 折叠的沉默層層 隱藏另一個我說著 不完美的音色穿過 一朵朵絢爛的漩渦匆匆 風吹花開日落時間啊 解開我的迷惑許下的願望 在天邊海角鋪成了銀河等著 流浪的你緊緊牽住我的手
小酒窩,男：我還在尋找 一個依靠 和一個擁抱誰替我祈禱 替我煩惱 為我生氣為我鬧女:幸福開始有預兆 緣份讓我們慢慢緊靠然後孤單被吞沒了 無聊變得有話聊 有變化了合:小酒窩長睫毛是你最美的記號我每天睡不著想念你的微笑你不知道你對我多麼重要(你不知道 多麼重要)有了你生命完整的剛好男:小酒窩長睫毛迷人的無可救藥我放慢了步調感覺像是喝醉了終於找到心有靈犀的美好一輩子暖暖的好我永遠愛你到老女:幸福開始有預兆 緣份讓我們慢慢緊靠然後孤單被吞沒了 無聊變得有話聊 有變化了  在  合:小酒窩長睫毛是你最美的記號我每天睡不著想念你的微笑你不知道你對我多麼重要(你不知道 多麼重要)有了你生命完整的剛好合:小酒窩長睫毛迷人的無可救藥我放慢了步調感覺像是喝醉了終於找到心有靈犀的美好一輩子暖暖的好我永遠愛你到老HU...合:小酒窩長睫毛迷人的無可救藥我放慢了步調感覺像是喝醉了終於找到心有靈犀的美好一輩子暖暖的好我永遠愛你到老 
就是我,我想了十幾個夜晚　我想我一直都在想什麼是完美的感動　我想到開始頭痛你說不定也是一樣　想要愛卻害怕遺憾你說不定也很希望　我可以比你勇敢躺在星空下的草地上　心事全都攤開讓你看滿天星星張大眼睛盯著我　想要說任他們說　他們看　我都不管我只要　宣佈愛你的人　就是我對　沒有錯　就是要　簡簡單單就是我　愛你　愛我　不需要囉嗦我想了十幾個夜晚　我想我一直都在想什麼是完美的感動　我想到開始頭痛你說不定也是一樣　想要愛卻害怕遺憾你說不定也很希望　(能和我交個朋友)躺在星空下的草地上　心事全都攤開讓你看  在  滿天星星張大眼睛盯著我　想要說任他們說　他們看　我都不管我只要　宣佈愛你的人　就是我對　沒有錯　就是要　簡簡單單就是我　愛你　愛我　不要囉嗦躺在星空下的草地上　心事全都攤開讓你看滿天星星張大眼睛盯著我　想要說任他們說　他們看　我都不管我只要　宣佈愛你的人　就是我對　沒有錯　就是要　簡簡單單就是我　愛你　愛我　哈哈哈哈任他們說　他們看　我都不管我只要　宣佈愛你的人　就是我對　沒有錯　就是要　簡簡單單就是我　愛你　愛我　不需要囉嗦
彈唱,早安 我來唱一首歌給你聽回到那片操場 舊食堂 燒鴨飯 依然香你的馬尾飄揚 就連背影都發亮 多麼想能被你愛上回到那片沙灘 風微涼 聽海浪 唱一唱那夜星空燦爛 你輕靠我的肩膀 幸福感 抓著我不放你在的片段 我用心收藏你聆聽我彈唱 我寫的歌 你每一首喜歡彈著明天為你唱 你不在乎什麼地方回到那食堂 那片沙灘 愛純真也瘋狂  在  嚮往那麼一天 臨睡前 我枕頭邊 你素顏祈求你的睡眠 要比我的還香甜 說好吧 在夢裡相見你在的片段 我用心收藏你聆聽我彈唱 我寫的歌 你每一首喜歡彈著明天為你唱 你不在乎什麼地方回到那食堂 那片沙灘 愛純真也瘋狂會有那麼一天 都白髮 皺紋滿臉 肚腩圓圓黃昏時刻 我還想為你彈唱 哼一哼 我們的美滿任世界變遷 我們始終擁有那第一天親愛的 我愛你不變[ti:彈唱][ar:][al:和自己對話][by:GetNoTogether]
御龍•三國志,Ee ye Ee ye Ee ye Oh能飛就要凌空爭霸萬里勇敢做夢難關鬥智斗勇召喚我心中強大的雄風 Oh能衝就如狂風奮力一搏驚險感動熬過情緒萬種想念某個人 最難念的痛 Oh天命 豪情笑納定天下 刀狂劍妄真英雄 策馬忘了有傷我有聽見 雷鳴電閃的巨響我看見 御龍破雲飛翔我預告 新的傳奇將發光 Wooh~我掀風雲 我是王Ee ye Ee ye Ee ye能飛就要凌空爭霸萬里勇敢做夢  在  難關鬥智斗勇召喚我心中強大的雄風 Oh能衝就如狂風奮力一搏驚險感動熬過情緒萬種想念某個人 Oh天命 豪情笑納定天下 刀狂劍妄真英雄 策馬忘了有傷我聽見 雷鳴電閃的巨響我看見 御龍破雲飛翔我預告 新的傳奇將發光 Wooh~我掀風雲 我會是王ye ye ye ye ye ohye ye ye oh我聽見 雷鳴電閃的巨響我看見 御龍破雲飛翔我預告 這新的傳奇將發光 Wooh~我掀風雲 我會是王Ee ye Ee ye Ee ye 我是王Ee ye Ee ye Ee ye Oh 
心牆(Wall),一個人 眺望碧海和藍天在心裏面 那抹灰就淡一些海豚從眼前飛越我看見了最陽光的笑臉好時光都該被寶貝 因爲有限我學著不去擔心得太遠不計劃太多反而能勇敢冒險豐富的過每一天 快樂的看每一天Wooh～第一次遇見陰天 遮住你側臉有什麽故事好想了解我感覺我懂你的特別你的心有一道牆 但我發現一扇窗偶爾透出一絲暖暖的微光就算你有一道牆 我的愛會攀上窗台盛放  在  打開窗你會看到悲傷融化我學著不去擔心得太遠不計劃太多反而能勇敢冒險豐富的過每一天 快樂的看每一天Wooh～第一次遇見陰天 遮住你側臉有什麽故事好想了解我感覺我懂你的特別你的心有一道牆 但我發現一扇窗偶爾透出一絲暖暖的微光就算你有一道牆 我的愛會攀上窗台盛放打開窗你會看到悲傷融化Wooh〜你的心有一道牆 但我發現一扇窗偶爾透出一絲暖暖的微光就算你有一道牆 我的愛會攀上窗台盛放打開窗妳會看到悲傷融化你會聞到幸福晴朗的芬芳 
愛不會絕跡,動畫恐龍寶貝主題曲我站在世界的屋頂用放大鏡看天地發現太多的神奇一起去尋覓 未知的命運寧願相信愛永不會絕跡誰能抹去那些古老傳奇我們手握緊 勇氣和信心 就能夠無敵渴望每個明天絕不放棄努力燃燒用不完的活力幻想的天地 揭開了奧秘 心跳永不暫停我預言下一秒危機  在  有你就不怕荊棘並肩創造的奇跡都記在心底 友情和恆星不管經過多少難題不管穿越多少距離心和你 越靠近 夢想就會更清晰渴望每個明天絕不放棄努力燃燒用不完的活力幻想的天地 揭開了奧秘 心跳永不暫停心中永相信 愛不會絕跡[ti:愛不會絕跡][ar:][al:][by:253057646]
愛情yogurt,　零下4度C　你說那味道剛剛好　熱量能降低　愛情的過敏反應　分解你幻想的情節　快速冰冷自作聰明啊　冷藏你的猜忌不安啊　看透了我的全部　就能心安嗎　快別試探我的語言呀　請別理會簡訊的笑話　溫度計測不出　我在為你發酵  在  △喝下我的愛情Yogurt　勇氣的味道　不需通關直接可到達　ooh~　你是我的愛情Yogurt　紅著臉撒嬌　濃縮了氣氛　沸騰我的心跳Repeat ＃,△ooh~Repeat △
愛的鼓勵,妳 像顆果實  外表甜蜜  內在卻堅韌無比妳 充滿機密  美麗的生命我 像頭鱷魚  冰冷鐵衣  保護著柔軟的心我  孩子氣  不告訴你一直一直一直往外走一直一直一直向前衝一直一直一直有新的追求這是我 男生的宇宙一直一直一直看內容一直一直一直在等候這是這是這是妳女生的溫柔  在  看看妳 看看我 注定碰頭妳有妳 我有我的美夢天是天 地是地 多不同 卻在這一秒雷電著火給我愛的鼓勵 Woo妳 來自綠蔭 卻能證明 水和土壤的相遇妳 蘊藏太多 大地的呼吸我 看來生硬 霸佔一地 不怕任何的天敵我 其實需要 妳的關心一直一直一直逆向走一直一直一直等結果原來我們是朝彼此的方向探索[ti:愛的鼓勵][ar:][al:新地球][by:GetNoTogether]
愛笑的眼睛(Smiling Eyes),如果不是那鏡子不像你　不藏秘密我還不肯相信沒有你我的笑　更美麗那天聽你在電話裡　略帶抱歉的關心我嘟的一聲切的比你說分手　徹底淚濕的衣洗乾淨　陽光裡曬乾回憶摺好了傷心　明天起只和快樂出去這愛的城市雖然擁擠　如果真的遇見你你不必訝異　我的笑她無法代替離開你我才發現自己　那愛笑的眼睛流過淚　像躲不過的暴風雨　淋濕的昨天刪去離開你我才找回自己　那愛笑的眼睛再見愛情　我一定讓自己　讓自己決定淚濕的衣洗乾淨　陽光裡曬乾回憶  在  摺好了傷心　明天起只和快樂出去這愛的城市雖然擁擠　如果真的遇見你你不必訝異　我的笑她無法代替離開你我才發現自己　那愛笑的眼睛流過淚 像一個人看舊電影　是我不小心而已離開你我才找回自己　那愛笑的眼睛再見到你　我一定讓自己　讓自己堅定離開你我才發現自己　那愛笑的眼睛流過淚　像躲不過的暴風雨　淋濕的昨天忘記離開你我才找回自己　那愛笑的眼睛再見愛情　我一定讓自己　讓自己　堅定再見到你　我一定讓自己　假裝很　堅定
愛笑的眼睛,如果不是那鏡子不像你　不藏秘密我還不肯相信沒有你我的笑　更美麗那天聽你在電話裡　略帶抱歉的關心我嘟的一聲切的比你說分手　徹底淚濕的衣洗乾淨　陽光裡曬乾回憶摺好了傷心　明天起只和快樂出去這愛的城市雖然擁擠　如果真的遇見你你不必訝異　我的笑她無法代替離開你我才發現自己　那愛笑的眼睛流過淚　像躲不過的暴風雨　淋濕的昨天刪去離開你我才找回自己　那愛笑的眼睛再見愛情　我一定讓自己　讓自己決定  在  淚濕的衣洗乾淨　陽光裡曬乾回憶摺好了傷心　明天起只和快樂出去這愛的城市雖然擁擠　如果真的遇見你你不必訝異　我的笑她無法代替離開你我才發現自己　那愛笑的眼睛流過淚　像一個人看舊電影　是我不小心而已離開你我才找回自己　那愛笑的眼睛再見到你　我一定讓自己　讓自己堅定離開你我才發現自己　那愛笑的眼睛流過淚　像躲不過的暴風雨　淋濕的昨天忘記離開你我才找回自己　那愛笑的眼睛再見愛情　我一定讓自己　讓自己堅定再見到你　我一定讓自己　假裝很　堅定 
愛與希望,大地被搖晃著 天空突然黑了我的 心也被震碎了下一秒瓦解了 淚堆積成了河但明天是好的 我們要堅定著愛 讓我們不放棄 活著還要繼續和大自然拔河  在  當愛與希望 投射炙熱的太陽昨日淚光會隨時間都蒸發別輕易放棄 明天要許更多願望裝滿了勇氣就更有力量當愛與希望 倒映暖暖的月亮再回頭望 又是築好了家鄉我知道未來 還有好多路要闖我打開了窗 看見了晴朗
我們很好,先不要張揚 眼前的傷安安靜靜 不要說話你往前走 我在後面別害怕我們的黑暗 其實很像沒學會擁抱 就得放下深愛著 也為難著對方 oh你想堅強 我可以讓你要逞強 我陪你裝反正時間 從未善良我沒有變 你知道就好世界再難 更不能逃眼淚現在 就該擦掉只一次成長 花多少力量掙扎我們很好 不需要 任何人祈禱當你擁有 我這些 失去才勾銷稱不上快樂 算不了煩惱讓我慢慢陪你耗我們不好 並不求 任何人原諒你疼不疼 告訴我 何必要隱藏寂寞的夢想 總得到希望  在  你快贏我  好不好我就沒輸掉笑很輕鬆 我做得到聰明如你 也要記牢下個出口 不是天堂已無關緊要你想堅強 我可以讓你要逞強 我陪你裝反正時間 從未善良我沒有變 你一個人知道就好世界再難 更不能逃眼淚現在 就該擦掉只一次成長 花多少力量掙扎我們很好 不需要 任何人祈禱當你擁有 我這些 失去才勾銷稱不上快樂 算不了煩惱讓我慢慢陪你耗我們不好 並不求 任何人原諒你疼不疼 告訴我 何必要隱藏寂寞的夢想 總得到希望你快贏  好不好我才不算輸掉先不要張揚 眼前的傷安安靜靜 不要說話  
我很想愛他,天空 下起雨了他撐的傘 在你身邊陪著可是 我不快樂因為看見 他臉上的笑 是很勉強的我很想愛他 但是眼睛在說謊隱瞞比較容易吧 免得感情變的複雜我很想愛他 但是理智在吵架退出可能解圍嗎 誰能給我一個好的回答如果 再捨不得這樣下去 我們每個人都是受害者  在  我很想愛他 但是眼睛在說謊隱瞞比較容易吧 免得感情變的複雜我很想愛他 但是理智在吵架退出可能解圍嗎 誰能給我一個好的回答當愛情陷在危險邊緣是否都會傷痕纍纍是否都會苦不堪言我很想愛他 但是眼睛在說謊隱瞞比較容易吧 免得感情變的複雜我很想愛他 但是理智在吵架退出可能解圍嗎 誰能給我一個好的回答愛情教會我們都放不下
我很想愛她(Loving Her),天空 下起雨了他撐的傘 在你身邊陪著可是 我不快樂因為看見 她臉上的笑 是很勉強的我很想愛她 但是眼睛在說謊隱瞞比較容易吧 免得感情變的複雜我很想愛她 但是理智在吵架退出可能解圍嗎 誰能給我一個好的回答如果 再捨不得這樣下去 我們每個人都是受害者  在  我很想愛她 但是眼睛在說謊隱瞞比較容易吧 免得感情變的複雜我很想愛她 但是理智在吵架退出可能解圍嗎 誰能給我一個好的回答當愛情陷在危險邊緣是否都會傷痕累累是否都會苦不堪言我很想愛她 但是眼睛在說謊隱瞞比較容易吧 免得感情變的複雜我很想愛她 但是理智在吵架退出可能解圍嗎 誰能給我一個好的回答愛情教會我們都放不下 
我懷念的,我問為什麼　那女孩傳簡訊給我而你為什麼　不解釋　低著頭沉默我該相信你很愛我　不願意敷衍我還是明白你已不想挽回什麼想問為什麼　我不再是你的快樂可是為什麼　卻苦笑說我都懂了自尊常常將人拖著　把愛都走曲折假裝瞭解是怕　真相太赤裸裸狼狽比失去難受我懷念的是無話不說　我懷念的是一起做夢我懷念的是爭吵以後　還是想要愛你的衝動我記得那年生日　也記得那一首歌記得那片星空　最緊的右手　最暖的胸口誰記得　誰忘了想問為什麼　我不再是你的快樂可是為什麼　卻苦笑說我都懂了  在  自尊常常將人拖著　把愛都走曲折假裝瞭解是怕　真相太赤裸裸狼狽比失去難受我懷念的是無話不說　我懷念的是一起做夢我懷念的是爭吵以後　還是想要愛你的衝動我記得那年生日　也記得那一首歌記得那片星空　最緊的右手　最暖的胸口誰忘了我懷念的是無言感動　我懷念的是絕對熾熱我懷念的是你很激動　求我原諒抱得我都痛我記得你在背後　也記得我顫抖著記得感覺洶湧　最美的煙火　最長的相擁誰要走我的心　誰忘了那就是承諾誰自顧自地走　誰忘了看著我誰讓愛變沉重　誰忘了要給你溫柔我懷念的　我還有想要愛你的衝動我記得那年生日　也記得那一首歌記得那片星空　最緊的右手　最暖的胸口太愛了　所以我　沒有哭　沒有說
我為你祈禱 I Pray For You,流星墜落了 天空依然在等著你許下一個心願就算下著雨 你不要害怕風雨中有人為你撐傘當回頭看看那些回憶有苦有甜別讓憂傷 偷走 你的一切  在  ＊總會好的 總會好的oh 別輕易妥協夢想依然鮮豔 等你將故事改寫I care for you, I pray for you浴火之後重生緊緊擁抱的手 盡情感受彼此愛的溫度
我笑,RAP：保持微笑身在風吹草動的虛實煎熬似笑非笑能不能穿上更男人的外表皮笑肉不笑洩漏你愛看熱鬧出賣你的驚嘆號你知道的不算少開一個玩笑當溫柔出乎意料是試探我的單行道你的反應 我早已經準備好差點忘了你就等在街角帶著沒有修飾過的冷笑不敢忘了你和我的微妙我的眼神從沒有逃跑我道歉在我的禮貌你陶醉在聽誰笑真相沉入大海在養老我們能互相擁抱內心話卻沒法聊回頭笑 什麼還沒有 顛倒然後 我笑 終於明瞭That is all.保持微笑還擁抱虛實煎熬似笑非笑能否穿上更男人的外表皮笑肉不笑洩漏你愛看熱鬧出賣你的驚嘆號  在  你知道的不算少開一個玩笑當溫柔出乎意料是試探我的單行道你的反應 我早已經準備好RAP:Our father.who are in heaven.Hallowed be thy name in thy name.I pray to you forever it remains.I know you haven't left me,but I'm feeling so alone.When the darkness comes?I shall never have to wait on my own.I fell so lost my mind is going out of control.Vengeance is mine,I will repay says The Lord.I'm persecuted but not forsaken sturk down to the fioor.But not destrpyed cause Its not like this hasn't hapened before.I see these lights and you've warned me to be on the alert.But my heart is tired from soaking it up like rain in the dirt.我笑我笑 能否穿上更男人的外表皮笑肉不笑洩漏你愛看熱鬧出賣你的驚嘆號你知道的不算少開一個玩笑當溫柔出乎意料是試探我的單行道你的反應 我早已經準備好RAP:I will repay says The Lord.I see these lights and you've warned me to be on the alert.UH~---END  
我繼續,遠方無人回應 誰的琴聲如此 冷靜順風的夢很輕慾望如此透明 看膩了世俗風景喔〜我拒絕相信 所謂的命運我仰望天空 不甘心我願瀟灑如鷹遠離地上宿命 那紛擾的城市人群俯衝掠過森林愛不該有邊境 讓恨一路的飄零這是場戰役 如鷹一般的眼睛了斷了那曾經的美麗 我繼續翱翔天地 展開雙翼拋開過去 跟自己為敵 永不放棄遠方無人回應 誰的琴聲如此 冷靜順風的夢很輕慾望如此的透明 都一樣的風景喔〜我拒絕相信 所謂的命運我仰望天空 不聽 喔〜我願瀟灑如鷹逆風等待黎明 越過人生峽谷困境隨風傲視丘陵夢想遼闊清醒 如火焰般的熱情這一場戰役 出沒鷹眼裡了斷了那曾經的美麗 我繼續  在  拋開過去 跟自己為敵 我繼續不再逃避 熬過這冬季 不放棄我堅定不移 聽我說的每一句跟回憶狠狠的道別離我繼續 不放棄我願瀟灑如鷹遠離地上宿命 那紛擾的城市人群俯衝掠過森林愛不該有邊境 讓恨一路的飄零這一場戰役 出沒鷹眼裡了斷了那曾經的美麗 我繼續拋開過去 跟自己為敵 喔〜傷痛都遠離橫越地平線上的天際 我繼續我願瀟灑如鷹逆風等待黎明 越過人生峽谷困境隨風傲視丘陵夢想遼闊清醒 如火焰般的熱情讓它們嘆息 我成為了傳奇這世界沒有我到不了 的距離拋開過去 跟自己為敵
我還想她,淚水 將我淹沒 到底誰該難過究竟 是誰放掉 這段感情我才終於明白 辦不到的承諾 就成了枷鎖現實中幸福永遠缺貨請告訴她 我不愛她笑著難過 自我懲罰想終止這一切掙扎 橫了心 說真心謊話別告訴她 我還想她恨總比愛容易放下當淚水堵住了胸口 就讓沉默 代替所有回答我才終於明白 辦不到的承諾 就成了枷鎖現實中幸福永遠缺貨請告訴她 我不愛她笑著難過 自我懲罰想終止這一切掙扎 橫了心 說真心謊話  在  別告訴她 我還想她恨總比愛容易放下當淚水堵住了胸口 就讓沉默 代替所有回答我不愛 我不痛 我不懂我的心 早已掏空真心話 言不由衷請告訴她 我不愛她笑著難過 自我懲罰想終止這一切掙扎 橫了心 說真心謊話別告訴她 我還想她恨總比愛容易放下當淚水堵住了胸口 就讓沉默 代替所有回答別告訴她 我還想她 就讓沉默 代替所有回答
我飛故我在(&張靚穎),靚：飛字有一雙翅膀，在右邊，在成長蝴蝶也有她的夢想，在風中流浪JJ：流星粉墨登場，有自己的光芒為什麼我學不會飛翔靚:從前的我太倔強，看不清自己的模樣你給我所有的力量合:你就是力量JJ:曙光帶來陽光，信心變成信仰合:我在有你的天空翱翔合:現在我終於明白，每個人都有原因而存在靚:有一種期待合:叫做未來(JJ:看見未來)合:只要汗水與勇氣，在我的舞台閉著眼我也能飛起來(JJ:我會活的精彩)合:看彩虹有多少靚:色彩  在  靚:從前的我太倔強，看不清自己的模樣你給我所有的力量合:你就是力量JJ:曙光帶來陽光，信心變成信仰合:我在有你的天空翱翔合:現在我終於明白，每個人都有原因而存在靚:有一種期待合:叫做未來(JJ:看見未來)合:只要汗水與勇氣，在我的舞台閉著眼我也能飛起來(JJ:我會活的精彩)合:與生命談戀愛合:終於明白，每個人都有原因而存在有一種期待叫做未來(JJ:只要對自己坦白)靚:只要汗水與勇氣(JJ:被崇拜)靚:在我的舞台(JJ:讓你自由自在)靚:閉著眼我也能飛起來(JJ:摘下一片雲彩)合:看彩虹有多少 色彩
手心的薔薇(& ),妳眼眶超載的眼淚 乘客是絕望和心碎我可以看見 妳忍住傷悲那一雙愛笑眼睛不適合皺眉[棋]你目光獨有的溫暖 是不會熄滅的明天我可以感覺 你沒有說出口的安慰遠比我失去的更加珍貴[傑]手心的薔薇[棋]刺傷而不自覺[傑]妳值得被疼愛[棋]你懂我的期待[傑]絢爛後枯萎[棋]經過幾個圓缺[合]有我(你)在[棋]你埋藏的薔薇[傑]妳動人的香味[棋]是最好的[合]你(妳) 陪我 盼我 接受世界[合]不完美 另一面 多美[傑 (棋)]指紋寫下所有遇見 妳留著心碎那一頁(心碎那一頁)驕傲的展現 妳真無所謂(無所謂)偶爾放縱的淚像洶湧的海水[棋 ]我學著一個人存在(I'm here)關上燈比較不孤單(不讓你孤單)你給的力量 讓我在夜裡安心入睡 (別怕黑夜)就算沒有人心疼我的淚 (有個人心疼妳的淚)[傑]手心的薔薇[棋]刺傷而不自覺[傑]妳值得被疼愛[棋]你懂我的期待[傑]絢爛後枯萎[棋]經過幾個圓缺[合]有我(你)在[棋]你埋藏的薔薇[傑]妳動人的香味[棋]是最好的[合]你(妳) 陪我 盼我 接受世界[合]不完美 另一面 多美[傑]手心的薔薇 是帶刺的紀念[傑]整理好眼淚 I am here[合]陪妳(陪我) 盼妳(盼我) 接受世界 太虛偽 太善變 不完美[合]天會黑 心會累 yeah yeah 有我(你)在 什麼都 無畏[傑(棋)]別害怕(握太緊)放手(薔薇)[合]傷痕纍纍[合]這世界 有妳(有你) 無畏------------------------------------------------------手心的薔薇傑 & 鳳傑rence Teo傑:妳眼眶超載的眼淚乘客是絕望和心碎我可以看見 妳忍住傷悲那一雙愛笑眼睛不適合皺眉你目光獨有的溫暖是不會熄滅的明天我可以感覺 你沒有說出口的安慰遠比我失去的更加珍貴手心的薔薇刺傷而不自覺妳值得被疼愛你懂我的期待絢爛後枯萎經過幾個圓缺有我(你)在你埋藏的薔薇妳動人的香味是最好的你(妳) 陪我 盼我 接受世界不完美 另一面 多美指紋寫下所有遇見妳留著心碎那一頁驕傲的展現 妳真無所謂(無所謂)偶爾放縱的淚像洶湧的海水我學著一個人存在(I'm here)關上燈比較不孤單(不讓你孤單)你給的力量 讓我在夜裡安心入睡 (別怕黑夜)就算沒有人心疼我的淚 (有個人心疼妳的淚)手心的薔薇刺傷而不自覺妳值得被疼愛你懂我的期待絢爛後枯萎經過幾個圓缺 有我(你)在你埋藏的薔薇妳動人的香味是最好的你(妳) 陪我 盼我 接受世界不完美 另一面 多美手心的薔薇woo是帶刺的紀念wo整理好眼淚 I am here 陪我(陪你) 盼我(盼你) 接受世界 太虛偽 太善變 不完美天會黑 心會累 yeah yeah有我(你)在 什麼都 無畏別害怕(握太緊)放手(薔薇) 傷痕纍纍這世界 有妳(有你) 無畏
握不住的他(The Taste of Love),銀白色月牙 映照著腳ㄚ一吋吋 一遍遍 親吻浪花泥沙掙扎 浸濕眼角剎那 和著眼淚 分不清呀你給的說法 說走到分岔又無力 又疲倦 付出愛的代價無力自拔 心放不下勉強 愛的盈缺 變成時差愛情不只玫瑰花 還有不安的懲罰快樂呀 誤解呀 隨著時間都會增長退潮的愛像刀疤 傷過給一個說法放了才能夠快樂 讓心好好休息一下握不住的他 放下也罷  在  你給的說法 說走到分岔又無力 又疲倦 付出愛的代價無力自拔 心放不下勉強 愛的盈缺 變成時差愛情不只玫瑰花 還有不安的懲罰快樂呀 誤解呀 隨著時間都會增長退潮的愛像刀疤 傷過給一個說法放了才能夠快樂 讓心好好休息一下握不住的沙 放下也罷愛情不只玫瑰花 還有不安的懲罰快樂呀 誤解呀 隨著時間都會增長退潮的愛像刀疤 傷過給一個說法放了才能夠快樂 讓心好好休息一下放了才能夠快樂 讓心好好休息一下握不住的沙 放下也罷握不住的他 放下也罷[ti:握不住的他]
故事細膩(Romantic Mystery),燈火光影 街道人群 誰被誰吸引窗臺風鈴 我在咖啡廳 為你彈琴這種街燈 這種氣氛這種人生 這樣一座 山城這種教堂 這種石牆這種藤蔓 你我 走在 街上Girl we were once a Romantic Mystery,oh your touch 向日葵裡的秘密相愛原來是種默契故事細膩 Romantic Mystery神秘 抽象是一種情緒油畫鮮豔了 所有回憶故事在彎曲 流蘇在搖曳我們相戀的 結局美麗如果可以 愛像雨季 痛快想你這種沙灘 這種浪漫 這種印象 狠狠愛你 一場  在  這種橋樑 這種村莊 這種月光 讓愛有畫 面感Tu es Ma Misterieuse Romance Je t'aime(你是我的Romantic Mystery, 我愛你)Ta beauté, je ne L'oublierai Jamais, Jamais(你的美麗，我永遠永遠無法忘懷)隔著距離 Romantic Mystery在想你 如果一切都繼續到處是愛你的證據我想或許你Romantic Mystery甜蜜 我於是拿起筆清楚的描繪 如何愛你淡淡的香氣 小小的茉莉那愛情一點 都不憂鬱我又繼續 為你彈琴 解釋命運Autant En Emporte Le Vent(隨風而逝)Gone with the wind
故事細膩,燈火光影 街道人群 誰被誰吸引窗臺風鈴 我在咖啡廳 為你彈琴這種街燈 這種氣氛這種人生 這樣一座 山城這種教堂 這種石牆這種藤蔓 你我 走在 街上Girl we were once a Romantic Mystery,oh your touch 向日葵裡的秘密相愛原來是種默契故事細膩 Romantic Mystery神秘 抽象是一種情緒油畫鮮豔了 所有回憶故事在彎曲 流蘇在搖曳我們相戀的 結局美麗如果可以 愛像雨季 痛快想你  在  這種沙灘 這種浪漫 這種印象 狠狠愛你 一場這種橋樑 這種村莊 這種月光 讓愛有畫 面感Tu es Ma Misterieuse Romance Je t'aime(你是我的Romantic Mystery, 我愛你)Ta beauté, je ne L'oublierai Jamais, Jamais(你的美麗，我永遠無法忘懷，忘懷)隔著距離 Romantic Mystery在想你 如果一切都繼續到處是愛你的證據我想或許你Romantic Mystery甜蜜 我於是拿起筆清楚的描繪 如何愛你淡淡的香氣 小小的茉莉那愛情一點 都不憂鬱我又繼續 為你彈琴 解釋命運Autant En Emporte Le Vent(隨風而逝)Gone with the wind
新地球,是一種藍色的哀愁 我醒在荒涼的地球紐約在海底的角落 陽光把大地變沙漠變了味道 人們才開始哀悼諷刺的是空氣很好 煙囪在水裡無聲飄搖沒了情調 人們為三餐奔跑一切的愛恨 都在自尋煩惱新地球 他們這麼叫臉上沒有笑 說著一口陌生腔調新地球 他們很驕傲只是眼神 有意無意的逃新地球 星星很閃耀遙遠海平面 總是一條直線 單調新地球 永遠回不到 那一年那年 被遺忘的小島  在  灰色的土地很枯燥 人們的娛樂好無聊轉圈圈 不停轉圈圈 然後摔倒地平線 眺望地平線默默祈禱 沒有颶風就好新地球 他們跑不了像是個圈套 只能庸庸碌碌到老新地球 他們的監牢只是眼神 悲傷難以去掉新地球 從頭來一遭過去的錯誤 不能一直重彈老調新地球 我卻想回到 那一年那年 被遺忘的小島
明天,晴天　太平洋的海龜　午夜　地中海的玫瑰看來　這一切都很美　明天地球毀滅問題是人們在這時候是要走還是留誰都放不下卻只有我緊緊握住一個撥出的電話我說話沒重點　一句話說三遍可是妳明白　我還有些眷念揮霍的時間　對妳的依戀不就代表我　身為人的極限  在  一切都在變化　在那些陰暗的地方人性漸漸散漫　活著只求好玩我的人生追求　絕對的感受世界走到盡頭　還有一些收穫留著一朵玫瑰　在妳的枕頭不問後不後悔　這一刻最美
星球,在遙遠星球　有一顆氣球　是我昨晚把它　放在那裡的每晚的夜空　它都會閃爍　發出來的光芒　一直提醒我＊雖然它只是一顆氣球　對我它就像真實星球　虛幻總會實現　相信我　有話要說＃我的呼吸　我的嘆息　我的話都為你說　我的努力　我的放棄　我每步都為你走　在你夢想的邊緣　總有一個人一直為你為你守候著它△我所有的　我沒有的　我一切都是你的　我得到的　我失去的　我擁有都是你的  在  　你也許無法瞭解　我給的愛已超乎我以為我能夠給的在遙遠星球　有一顆氣球　發出來的光芒　一直提醒我Repeat ＊,＃,△為你祈禱　看你睡著　平安很好　對我都很重要你的微笑　你的吵鬧　都是我　嚮往的　依靠　Yeah~~有話要說Repeat ＃,△
星空下的吻,狼口帶腥味偏愛思念那月圓的美　狐狸的虛偽它讓死亡安撫羊的悲　兔子在飢餓的老虎的牙縫中流淚　麻雀也飛來被麻醉疲累你　怎麼纏著她的美　頹廢她　等著喝乾你的血錯與對　竟然也湊在一堆　我細胞已崩潰誰大聲的哀嘆　誰會在乎要如何收場妳偏偏此刻出現　把我抽離蠻荒的世界  在  △妳要我看星空　妳說星空是無窮　想不通　心太重　夜空的繁星卻都懂　妳要我看星空　我看了仍是懵懂　妳轉身　一個吻　從今後我不再是一個人Repeat all onceRepeat △,＊
曹操,不是英雄 不讀三國若是英雄 怎麼能不懂寂寞獨自走下長板坡 月光太溫柔曹操不囉唆 一心要拿荊州用陰謀陽謀 明說暗奪的摸東漢末年分三國 烽火連天不休兒女情長 被亂世左右 誰來煮酒爾虞我詐是三國 說不清對與錯紛紛擾擾 千百年以後 一切又從頭不是英雄 不讀三國若是英雄 怎麼能不懂寂寞獨自走下長板坡 月光太溫柔曹操不囉唆 一心要拿荊州用陰謀陽謀 明說暗奪的摸  在  東漢末年分三國 烽火連天不休兒女情長 被亂世左右 誰來煮酒爾虞我詐是三國 說不清對與錯紛紛擾擾 千百年以後 一切又從頭獨自走下長板坡 月光太溫柔曹操不囉唆 一心要拿荊州用陰謀陽謀 明說暗奪的摸東漢末年分三國 烽火連天不休兒女情長 被亂世左右 誰來煮酒爾虞我詐是三國 說不清對與錯紛紛擾擾 千百年以後 一切又從頭
會有那麼一天,一九四三　世界大戰　阿嬤年輕的時候爺爺愛他那麼多　他們感情很深當時爺爺　身負重任　就在離鄉的那夜給了阿嬤一個吻　輕聲說道＃我要離去　別再哭泣　不要傷心　請你相信我　要等待　我的愛　陪你永不離開　因為會有那麼一天　我們牽著手在草原聽　鳥兒歌唱的聲音　聽我說聲　我愛你  在  夕陽西下　鳥兒回家　阿嬤躺在病床上呼吸有一點散漫　眼神卻很溫柔看著爺爺　濕透的眼　握著他粗糙的手阿嬤淚水開始流　輕聲說道Repeat ＃,＃我愛你
會讀書,燈　不能熄滅　熬過今夜　就能從書中逃回到　這個世界我　我不明白　這個年代　怎麼還能說讀好書　就會發財　好呆愛我的爸　疼我的媽　說了那麼多你們明白嗎不是要反抗　只是要你看　我不滿的地方＃讀讀讀讀讀到書想吐　好想哭　怕怕怕怕怕　老是背書　好白癡  在  　你你你你你　只會說你要第一　我就快要發羊癲瘋　不是每個人都會讀書　會讀書　不厲害讀書也不一定就會輸　不是想要說我會讀書　不在乎　我只想要　你能清楚我　我不明白　這個年代　怎麼還能說讀好書　就會發財　好呆愛我的爸　疼我的媽　說了那麼多你們明白嗎不是要反抗　只是要你看　我不滿的地方Repeat ＃　＃,＃
有夢不難,有夢不難  跟著我去闖  獨處不難  用音樂作伴這玻璃反射著  霓虹  這街道璀璨著  夜空這城市依舊繁榮  沒有了我沒什麼不同是否我根本就 平庸  我把自己看 太重我移動置身人群之中  原來我孤單的很普通該怎麼形容  腳步的沉重  沒有方向在移動久違的笑容  在問我到底  應該何去 何從沒有人能懂  也沒有觀眾  那迎面而來的夜風帶刺骨的嘲諷  而我只剩下一個夢有夢不難  跟著我去闖  獨處不難  用音樂作伴帶一把吉他  開車去沙灘  我自彈輕輕的唱背對著夕陽  心事被拉長  我微笑著在療傷緊握的夢  不願放鬆放空我的理想還不想下台一個鞠躬  一個鞠躬匆匆  失敗沒有苦衷  辛苦忍耐是基本功全力  去衝不能對音樂不忠  不讓創作  被壓抑成失控藉口  失蹤話說太多  沒有用  得不到  該有的尊重  該有的光榮  在  所有過去付出一切種種我可以用一段話來  形容挫折我不屑  而我的世界  只需要  音樂有夢不難  跟著我去闖  獨處不難  用音樂作伴機會不退讓  心碎的遺憾  也不能同個地方連跌倒的傷  傷口也要是  你努力過的模樣去想像   跟著闖我成長   一起唱去想像   跟著闖我成長  一起唱   不平凡最後放棄才叫痛  真正退縮才叫痛為夢而哭泣讓人感動  最遺憾的人生叫沒有夢不能堅持才會痛  害怕打擊才會痛逆著風勇往直前  這才是我的一貫  作風有夢不難  跟著我去闖有話慢慢講  有歌輕輕唱  我用音樂在療傷[ti:有夢不難][ar:][al:和自己對話][by:GetNoTogether]
期待你的愛,My Life 一直在等待空蕩的口袋想在裡面放　一份愛Why 總是被打敗真的好無奈其實我　實實在在不管帥不帥想要找回來　自己的節拍所以這一次我要勇敢　大聲說出來  在  期待　期待你發現我的愛無所不在　我自然而然的關懷妳的存在　心靈感應的方向我一眼就看出來是因為愛我猜　你早已發現我的愛繞幾個彎　靠越近越明白不要走開幸福的開始　就是放手去愛
木乃伊,妳說要我　死了這顆心　最好永遠　存放在埃及像木乃伊　保持著神秘　敲也敲不破　連時間都忘記妳一直嘮叨著　所謂真理　剖開了心就看到　我不是他的記憶要我節哀　雖然她不該　如果看不開　我怎麼活過來　愛木乃伊的心在燒　金字塔裡悶到老也許我自己　太在意　被拋棄  在  無法忍受　黑暗的　沉默孤寂木乃伊的心在跳　抱著希望慢慢熬我鼓起　最後的　一分力　撐下去相信真愛 就在我醒來的新世紀
未完成,現實與虛擬　愛深與愛斷這一條路　總而言之　你願意嗎風吹落最後一顆沙粒　我用盡最後一塊情感給一個真實吧　給一個　ＨＡＶＥＮ　給我
殺手,絕對的完美一雙手　不流汗也不發抖　交叉在微笑的背後　暗藏危險的輪廓　在妳最放鬆的時候　絕不帶著任何感情　就下手　從來不回頭＊☆開始的感覺不會痛　不會痛　放大的瞳孔　就像作夢　幸福的錯覺很溫暖　很包容　也許還期待　這是　致命的衝動　妳不懂　我不懂　究竟殺手為什麼存在　因為愛　還是未知的未來☆＃心情放鬆搖擺　在妳三百米之外　數著心跳等待　所有念頭全拋開　鎖進來　進來　這美麗的悲哀　這是愛　就是愛　全世界都不明白＃★心情停止搖擺　在妳三百米之外　感覺飢餓難耐　需要妳填滿空白  在  　鎖進來　進來　這美麗的悲哀　這是愛　就是愛　只有妳明白★　Repeat ＊,☆,＃,★　心情放鬆搖擺　在妳三百米之外(三百米之外)　數著心跳等待　所有念頭全拋開　鎖進來　進來　這美麗的悲哀　這是愛　就是愛　全世界都不明白(嗚～)　心情停止搖擺　在你三百米之外(三百米之外)　感覺飢餓難耐　需要妳填滿空白　鎖進來(Oh Yeah)　進來(Oh Yeah)　這美麗的悲哀　這是愛　就是愛　只有妳明白(妳明白)
殺手@續,進來　進來　進來哦～　哦～心情放鬆　在你三百米外數著心跳　所有念頭拋開心情放鬆　在你三百米外數著心跳　所有念頭拋開  在  Bye～　哦～　哦～心情放鬆搖擺在你三百米之外(三百米之外　等待)哦～　哦～
水仙,我跌進時光夢境漫遊朗讀月光去打開一個夢那裡花園的芬芳還依舊看水仙在風中擺動想起你說愛沒有盡頭但想念你的心隱隱會痛握著你的手 以為最後溫柔天亮了 天亮了 我才懂慢慢的你用愛晴朗了我慢慢的你把我孤單沒收金色燈火 倒映湖面閃爍  在  像你的微笑溫暖守候慢慢的我變成更好的我慢慢的我心遼闊了許多我笑了 我哭了 我醉了 我醒了幸福的痕跡吻過心中(愛過的痕跡永遠停留)眺望星空 你來自愛的宇宙我們約定 再重逢撥快時鐘 你就在那片綠洲陪我繼續 歌頌
江南,風到這裡就是黏　黏住過客的思念雨到了這裡纏成線　纏著我們流連人世間妳在身邊就是緣　緣分寫在三生石上面愛有萬分之一甜 寧願我就葬在這一天＊圈圈圓圓圈圈　天天年年天天的我　深深看你的臉　生氣的溫柔　埋怨的溫柔的臉＃不懂愛恨情仇煎熬的我們　都以為相愛就像風雲的善變　相信愛一天　抵過永遠　在這一剎那凍結了時間  在  △不懂怎麼表現溫柔的我們　還以為殉情只是古老的傳言　離愁能有多痛　痛有多濃　當夢被埋在江南煙雨中　心碎了才懂Repeat ＊,＃,△相信愛一天　抵過永遠　在這一剎那凍結了時間Repeat △
波間帶,是無形的存在轉速太快 撕開未來空間扭曲搖擺訊號傳開 把你找出來當幾個慌慌 幾個張張幾個夜晚 幾個讓我又忙又亂幾個荒荒 幾個唐唐  在  幾個夜晚 所以我不看不想WOO ... WOO ...YEAHWOO ...電波隔空傳來 反彈波間地帶快快快 反應不過來 WOO ...瞬間閃過現在 一分鐘的未來開開開 虛擬的接觸真的存在
流行主教,世界在我口袋　流行有我安排　最Ｉｎ的新字號　誰的眼光是最獨到　Ｅ時代的步調　驅動著我心跳　我就是風潮　流行的主教Rap ：調一調你的頻道　　　不好看就不要看　要看就看最好　　　我就是風潮　流行的主教  在  ＊往我這邊靠　識趣的才叫時髦　誰快誰上道　誰慢了就遜掉　我就是風潮　流行的主教　come on, just follow me　明天哪兒跑【我領導】Repeat　﹡　＊　＊
浪漫血液,從一個眼神 一次談心到變懂得 變熟悉從累積感動 累積回憶到最甜蜜 Wo從鬧意見 鬧情緒到傷感情 Yeah從都感覺 委屈到都好強 背對背 向悲傷走去無論再久 還是牢記無論再遠 還是關心凡是愛過 就都烙印 在記憶用失眠 去反省愛凝結成淚的軌跡學會維繫愛情 以後不用再惋惜無論再苦 還是動心無論再難 還是努力服從感性 抗拒理性不願活著心卻死去用赤裸 去熱情不預留餘地 Wo在我身上 流著浪漫血液我不要冷靜 Yeah  在  不屑逃避 Wo不怕打擊 Yeah始終相信 有真愛 將傷痛撫平 Wo無論再久 還是牢記無論再遠 還是關心凡是愛過 就都烙印 在記憶用失眠 去反省愛凝結成淚的軌跡不斷為難自己 想藉遺憾進化自己無論再苦 還是動心無論再難 還是努力服從感性 抗拒理性不願活著心卻死去用赤裸 去熱情不預留餘地 Wo在我身上 流著浪漫血液什麼傷口 都會痊癒熾熱的渴望 是勇氣在我身上 流著浪漫血液
涷結,不小心回到那一天　不小心一切又重演你如此完美的一切　竟會出現在我的世界你說話不愛說第二遍　但偏在情人節那一夜給我你心愛的項鍊　說了三次對我的愛戀我那時糊塗　不明白為何你會哭後知後覺以後　領悟＊凍結那時間　凍結初遇那一天　凍結那愛戀　凍結吻你那瞬間  在  　我也會疲倦　你的項鍊　在我身邊　帶我穿梭回從前　凍結那空間　凍結有你的世界　凍結那畫面　凍結不讓它溶解　我若是疲倦　你的項鍊　在我身邊　發光在我胸前　你的項鍊　在我身邊　陪伴著我過每一天　耶Repeat all onceRepeat ＊你的項鍊　在我身邊　發光在我胸前你的項鍊　在我身邊　陪伴著我過每一天 
演唱會前傳—忘記,感覺夢醒著　感覺心痛著感覺你不在了　誰來證明愛是存在的我們被困著　被過去騙著這一切都不一樣　世界怎麼了難道說選擇了忘記　而解放了自己是否就擁有挑戰愛情的勇氣當時光交纏在一起 成說不清的思緒我卻只要那段最美的回憶  在  memory　飄蕩如空氣明知你在那裡　卻有難以跨越的距離我們在放棄　塗白了記憶以為就可以偽裝無邪的美麗難道說選擇了忘記　而解放了自己是否就擁有挑戰愛情的勇氣當時光交纏在一起 成說不清的思緒我卻只要那段最美的回憶我卻只要那段最美的 回憶
無法克制,就讓血紅那雙唇沸騰蒼白這個人我們全都像空城需要愛來華麗變身吻到打結的眼神抱到顫抖的靈魂著了火的安全門關不住了心跳鼓聲 咚 咚 咚我無法 克制自己忍住不聞你 蘋果香的皮膚也無法 克制不去觸碰從你的耳後 滑到肩上 溫柔弧度我無法 克制不去在乎愛帶來 刺痛你的淚珠更無法 克制為你付出和世界反目 選擇一條 最難的路 Yeah~~~~Oh~~~~Yeah~~~~Oh~~~~別人口中越愚蠢在我眼裡越迷人我們的愛像星辰沒人到過誰能評論 Ho Ho Ho我無法 克制自己忍住不聞你 蘋果香的皮膚也無法 克制不去觸碰從你的耳後 滑到肩上 絕美弧度我就無法 克制不去在乎 Yeah~愛帶來 刺痛你的淚珠也無法 克制為你付出和世界反目 選擇一條 最難的險路  在  Yeah~~~~~~我無法 克制自己忍住不聞你 蘋果香的皮膚也無法 克制不去觸碰從你的耳後 滑到肩上 絕美弧度我無法 克制不去在乎 Yeah~愛帶來 刺痛你的淚珠更無法 克制為你付出和世界反目 選擇一條 最難的路 Yeah~~~~Yeah~~~~~~Wu~~~~Oh~~~~~~Oh~~~~~~Wu~~~~Heh~~~~Heh~~~~JJ-PS:謝謝.<無法克制>這首歌呢,其實當初寫的時候,我給我的工作人員聽,給我的朋友聽,他們有點兒嚇到,有點兒驚喜.他們說:'誒,這首歌不太像你的風格,不太像你自己平時會寫出來的歌.'後來其實...告訴大家一個秘密,就是其實這首歌是我在最自然的狀態,在最舒服,玩音樂的狀態,拿著一把吉他,在一個空間裡面寫出來的.所以可見,這個我自己也開始發現,說:'其實的心裡面藏著一種渴望,一種激情.'呵呵~~~~比較慢熱一點啦.嘿嘿~~~~~~那可是呢,我覺得最重要這首歌想要說的,就是表達一個,就是一種意境.就是為了愛,而去執著的一種感覺.對.(待續......)
無盡的思念,牆腳那朵枯萎的玫瑰　忘了為何要凋謝散在地上撕落的歲月　又一天　又一年　沒感覺傷痕在心田　滾燙的蔓延　煙繞過髮間　妳敷衍著抱歉(風吹破欺騙　妳無法兌現　那年的夏天　妳許下的誓言)斷了的琴弦　彈奏著從前　一起走過的路線沒有終點  在  昏黃的光線　照射陳舊的水面　映出那朵玫瑰思念的畫面tag：你走的那天　我決定不掉淚　迎風撐著眼簾用力不眨眼
無聊,沒事做就會無聊　沒有地方動手動腳悶到就快要發燒　嘿咻嘿咻沖冷水澡病毒弄掛了電腦　這下整個人都快要瘋掉喔喔　又被人吐槽也許是我　不夠屌　待在家裡沒有人找也許新聞　鬧太少　喔喔不換音樂　換大腦　改變節奏換一種心跳(這種tempo) 不會老　剛剛好  在  吵什麼吵　讓音樂當掉每個人都　吞了火藥炒一起炒　嫌八卦太少通通　你胡說　我八道　喔無聊吵什麼吵　讓音樂當掉故事編的太遜　大家都受不了炒拼命炒　就自然發酵到底誰無聊
熟能生巧,醒著像睡著　躺著像思考　晨昏顛倒感情太單調　竟然是煩惱　如何是好也許來陣風雨　花謝滿地　黯然神傷的困擾可以刺激那顆　渾渾噩噩失去了烈火　激情的大腦吹風就感冒　淋雨就發燒　有愛就好＃我不再逃　空虛日子　這一路都在熬　也許愛情就是熟能生巧　妳絕對想不到我多渴望　讓生活染上一些顏料　是紅橙黃或藍靛紫都好  在  　一圈一圈的圍繞　終於能自在的坦誠說愛你　火一點就燃燒怎麼刺激那顆　渾渾噩噩失去了烈火　激情的大腦吹風就感冒　淋雨就發燒　有愛就好Repeat ＃,＃,＃火一點就燃燒
獨白,是誰需要殺手殺手是一種死神的存在嗎可以決定人的生死  在  而又是誰來決定殺手的生死另一個殺手嗎　還是愛殺手還有心嗎　能愛嗎
獨舞,你聽過的傳說 是我 也都不是我別問我為什麼 過著這樣的生活如果你想要懂 在我身後馱著的夢太多寂寞無法訴說你眼裡頭的我 練就了一身冷漠你看不見的我 手心緊握著脈搏如果你想要懂 為何成為現在的我太多故事無法訴說看春夏秋冬 度過看日月山水 起落我抓緊了我的軀殼 拿出了我的靈魂忽視了我的體溫 遺忘了我的出身一天一天 一夜一夜一年一年 一歲一歲 這樣活世界這麼大 我獨自一個人走我選擇了什麼 有我自己的理由失去了什麼 守護的值得不值得有些話我對自己說今夜 有緣才能相聚  在  看過太多好壞 這一路走來獨舞 荒蕪中無盡吶喊 啊⋯⋯看見了我的冷漠在面具的背後 熱情依然在洶湧若你想要懂 為何成為現在的我太多故事無法訴說看春夏秋冬 度過看日月山水 起落我抓緊了我的軀殼 拿出了我的靈魂忽視了我的體溫也遺忘我的出身一天一天 一夜一夜一年一年 一歲一歲 這樣活你聽過的傳說 是我 也都不是我別問我為什麼 選擇這樣的生活若你想要懂 在我身後馱著的夢太多寂寞無法訴說太多寂寞怎麼訴說太多寂寞也不必說[ti:獨舞][ar:][al:和自己對話][by:GetNoTogether]
現在的我和她,請不要再說，你越說越錯，已經没有話好說。失去了這段感情，却換來了自由天空。請不要再說，你已喝了太多。一切盡在不言中。大雨後會有彩虹，我相信你應該會懂現在的我和她，只剩下千萬沉默不說話  在  我開始覺得我有點傻，這一切是否值得嗎？現在的我和她，只剩下美麗回憶…算了吧⋯⋯我開始分不清是非真假，就讓我一個人…靜靜回家。我再也分不清是非真假，就讓我一個人…靜靜回家。[ti:現在的我和她][ar:][al:和自己對話][by:GetNoTogether]
生生,冷的 天色 你是否多穿一件呢星星 墜落 帶走我的思念 流浪成河煙火 泡沫 失去或擁有 都 由不得我抖著 雙手 拚命握緊啊 卻徒勞無功啊生生燈火 明暗無輒看著迂迴的傷痕 卻不能為你做什麼我恨我躲在永夜背後 找微光的出口生生你我 離別無輒每一道歲月的痛眼淚自答自問眼前是 永晝的顛坡冷的 臉色 是證明自己堅強了當我 寂寞 默念這世界不會 丟下我太多 太多 遺憾的後悔的 總是在失去了以後噢 為什麼 愛 越深越脆弱  在  生生燈火 明暗無輒看著迂迴的傷痕 卻不能為你做什麼我恨我躲在永夜背後 找微光的出口生生離別 息息不罷休你用時間告訴我在迷路的時候有你愛我 永夜也是永晝原諒我 陪著我 當我 困在沙漠渴望綠洲會好的 會過的 看我 咳 用力咳出了心痛生生不息 你和我倒數迂迴的傷痕 輕輕哼著喜怒哀樂 等等我在永夜的寒冬 牽著你的雙手生生 yeah 誰不會再丟下我在迷路的時候 我記得 會找到的在永夜的背後 擁抱傷口 永恆的出口
由你選擇,我要選擇我自己既選擇 我要把達我自己既表白選擇企或選擇坐 選擇錯我都選擇過今天你做了甚麼 明天你要做甚麼要往前走還是往後 要往左還是往右我的每一步該怎麼走 有誰在等候一路向前走來到十字路口 Wo 把所有阻礙拋在腦後不管你是哪一個 哪個都阻擋不得我用自己的選擇 讓我發光發熱不滿意我又如何 為甚麼要聽你的我行我素的風格 就是忠於我選擇RAP:係個宗教 定個書包 令你安全 覺得可靠冇人敢考 冇人敢教 你一生 你去調教從前的懵懂可笑 未來的沒人知道等待擁抱還是尋找 要咆嘯還是禱告只有我最清楚我的需要 不用指教我是我自己生命中的主角 讓夢想在我胸中燃燒------------------------------------------------由你選擇 + 農夫FAMARAP:我要選擇我自己既選擇我要表達我自己既表白選擇企或者選擇坐選擇錯我都選擇過  在  今天你做了什麼明天你要做什麼要往前走還是往後要往左還是往右我的路每一步該怎麼走有誰在等候一路向前走來到十字路口把所有阻礙拋到腦後CHORUS:不管你是哪一個哪個都阻擋不得我用自己的選擇讓我發光發熱不滿意我又如何為什麼要聽你的我行我素的風格就是忠於我選擇RAP:繫個宗教 定個書包令你安全 覺得可靠冇人敢考 冇人敢教你一生 你去調教從前的懵懂可笑未來的沒人知道等待擁抱還是尋找要咆哮還是禱告只有我最清楚我的需要不用指教我是我自己生命中的主角讓夢想在我胸中燃燒
當你(Whenever),如果有一天 我回到從前回到最原始的我 你是否會覺得我不錯如果有一天 我離你遙遠不能再和你相約 你是否會發覺 我已經說再見當你的眼睛 瞇著笑 當你喝可樂 當你吵我想對你好 你從來不知道 想你 想你 也能成為嗜好當你說今天的煩惱 當你說夜深 你睡不著我想對你說 卻害怕都說錯 好喜歡你 知不知道如果有一天 夢想都實現回憶都成了永遠 你是否還會 記得今天如果有一天 我們都發覺 ( 我們都發覺 )原來什麼都可以 我們是否還會 停留在這裡  在  當你的眼睛 瞇著笑 當你喝可樂 當你吵我想對你好 你從來不知道 想你 想你 也能成為嗜好當你說今天的煩惱 當你說夜深 你睡不著我想對你說 卻害怕都說錯 好喜歡你 知不知道也許空虛 讓我想得太多 也許該回到被窩夢裡會相遇 就毫不猶豫 大聲的說我要說當你的眼睛 瞇著笑 當你喝可樂 當你吵我想對你好 你從來不知道 想你 想你 也能成為嗜好當你說今天的煩惱 當你說夜深 你睡不著我想對你說 卻害怕都說錯 好喜歡你 知不知道當你的眼睛 瞇著笑 當你喝可樂 當你吵我想對你好 你從來不知道 想你 想你 也能成為嗜好啦 ~ ~ ~ 啦 ~ ~ ~我想對你說 卻害怕都說錯 好喜歡你 知不知道～～～ 
發現愛,林：嘰嘰喳喳路人小孩　噘嘴的你站在露台　　　陽光瞇著眼看我們　同時也　發現愛　金：嘀嘀咕咕我該不該　讓你看穿　　　冰淇淋　的默契　就是愛＊金：濃郁香草　巧克瑪瑙　不覺中悄悄融化了　　　變成最幸福的味道　林：忘了煩惱　可愛多好　不需要說什麼　　　呼吸之間　就嘗到了你我　金：心電感應　合：我看見 love's in the air  在  Repeat * #男女：丘比特苦惱　嘮叨的月老　緣份來了　他們誰也管不了　　　就放手去愛 love's in the air女男：花開的很好　風吹的很好　只要你在什麼都好　　　愛的香味隨空　氣飄Repeat #
白羊夢(Aries),昨晚夢見什麼 剛剛發生什麼快樂或不快樂 在這一秒重頭早餐想吃什麼 yeah 星期六去哪裡過我和全新的我 在下一秒碰頭有時候衝動 偶爾會迷惑但我有把握 每一天過得 都像我雙眼睜開第一秒鐘 再疲倦也瞬間復活重新回歸最真實的我天氣阻擋不了我 路未必順著我走分秒不差很俐落 上場走路有風雙手張開第一秒鐘 擁抱誰都不會寂寞世界多大快讓我感受歡迎這一場探索 等待我發現什麼 想到什麼我就去做有時候沉默 偶爾會過動  在  讓直覺帶頭 做個白日夢也不錯雙眼睜開第一秒鐘 再疲倦也瞬間復活重新回歸最真實的我天氣阻擋不了我 路未必順著我走分秒不差很俐落 上場走路有風雙手張開第一秒鐘 擁抱誰都不會寂寞世界多大快讓我感受歡迎這一場探索 等待我發現什麼 想到什麼我就去做雙手張開第一秒鐘 擁抱誰都不會寂寞世界多大快讓我感受歡迎這一場探索 等待我發現什麼 想到什麼我就去做屬於我的第一秒鐘 想到什麼我就去做
白蘭花(Streets of Old Shanghai),午夜 在上海的街誤會 她不告而別雨水 我回頭一瞥這荒誕的夜 和激動的淚早就該注意的 最近她又是怎麽了長髮不見了 口紅變深了眼裡鋪開著一層苦澀我從來不覺得 哪裡是我沒做好的也許她累了 或許她倦了我卻還不知道 她哪一段錯開了我多情是男人的罪蘭花似女人的美徘徊在深夜 殘留的香味縈繞在整條大街多情的男人無罪太美的女人禍水就算我找到這個安慰一切 無法挽回早就該注意的 最近她又是怎麽了長髮不見了 口紅變深了眼裡鋪開著一層苦澀  在  我從來不覺得 哪裡是我沒做好的也許她累了 或許她倦了我卻還不知道 她哪一段錯開了我多情是男人的罪蘭花似女人的美徘徊在深夜 殘留的香味縈繞在整條大街多情的男人無罪太美的女人禍水就算我找到這個安慰一切 無法挽回多情是男人的罪蘭花似女人的美徘徊在深夜 殘留的香味縈繞在整條大街多情的男人無罪太美的女人禍水就算我找到這個安慰一切 都 無法挽回
盜,若他喜歡　他就說他對　不算違規　說什麼慚愧連大法官都不能定罪　道德嘛　收到衣櫃光碟機　(是犯案工具)　網際網路　他自由的來去聽音樂　是免費樂趣　要給錢　拿證據他以為身在暗處(其實過街老鼠)　他以為得到好處(其實判斷錯誤)他以為隔空取物(就像藏龍臥虎)　原來一時糊塗Do Re Mi　Fa So 還有 La Ci　我寫到快要昏天暗地我相信　誰都不是故意　你叫我 怎麼怎麼相信天理Do Re Mi　Fa So 還有 La Ci　我努力走出一片天地我絕對　掏心掏肺感激　傾聽我　這一首嘔心瀝血作品Rap：  在  STOP　這段不是出現過在上一張這段breakdown　應該是整首歌最精采最期待的地方為何跟以前一樣　why　沒有錯　就是這樣反正這首歌　一秒鐘兩秒　就會被download光光盜吧　盜吧　就讓創意慢慢死光光以後買歌就像買菜市場的芭樂　每個都一樣我現在的心情就像麵包師父　心血被無情老鼠啃光　盜光　換做是你怎麼想(文案)放任吧．．．有些事　自然會得到出路的一千年以後　你還在嗎？再見　咱們回頭見
相信無限,我相信浪費不是浪漫　我相信流淚是解放我相信沈默是退讓　我相信　都反對　是不對我相信無知不是幸福　我相信戰爭是惡毒我相信想像力無窮　我相信　沒有夢　是不對　你懂不懂△相信無敵　相信無限　相信萬能　相信明天　我相信這個地球永遠　那麼美　相信無敵　相信無限　相信萬能　相信明天　我踏出振奮這一步　上路　開始　我傳說的旅途  在  我相信成敗不是註定　我相信嚴肅不叫酷我相信智慧最珍貴　我相信　你搖頭　是不對我相信好奇讓人進步　我相信恐懼是折磨我相信人靠愛存活　我相信　吐口水　是不對　你懂不懂Repeat　△,△,△上路～開始　我傳說的旅途上路～開始　我傳說的旅途相信無敵　相信無限
真材實料的我,用功 練功 看我 大力發功有料 就要牛氣轟轟好夢 美夢 大夢 或白日夢過癮 就勇敢的追夢真材實料不怕琢磨 我要high出自我青春放肆機會不多 出招別怕太多過癮 不是隨便說說 不是隨便做做真材實料勇敢做 喔放手為愛衝衝 滿腔熱血怦怦真材實料的我用功 練功 看我 大力發功有料 就要牛氣轟轟  在  好夢 美夢 大夢 或白日夢過癮 就勇敢的追夢真材實料不怕琢磨 我要high出自我青春放肆機會不多 出招別怕太多過癮 不是隨便說說 不是隨便做做真材實料勇敢做 喔放手為愛衝衝 滿腔熱血怦怦真材實料的我真材實料的我過癮 不是隨便說說 不是隨便做做真材實料勇敢做 喔放手為愛衝衝 滿腔熱血怦怦真材實料的我
知足,怎麼去擁有　一道彩虹怎麼去擁抱　一夏天的風天上的星星　笑地上的人總是不能懂　不能覺得足夠如果我愛上　你的笑容要怎麼收藏　要怎麼擁有如果你快樂　不是為我會不會放手　其實才是擁有當一陣風吹來　風箏飛上天空為了你而祈禱　而祝福　而感動終於你身影　消失在　人海盡頭才發現　笑著哭　最痛那天你和我　那個山丘那樣的唱著　那一年的歌那樣的回憶　那麼足夠  在  足夠我天天　都品嚐著寂寞當一陣風吹來　風箏飛上天空為了你而祈禱　而祝福　而感動終於你身影　消失在　人海盡頭才發現　笑著哭　最痛當一陣風吹來　風箏飛上天空為了你而祈禱　而祝福　而感動終於你身影　消失在　人海盡頭才發現　笑著哭　最痛如果我愛上　你的笑容要怎麼收藏　要怎麼擁有如果你快樂　再不是為我會不會放手　其實才是擁有知足的快樂　叫我忍受心痛知足的快樂　叫我忍受心痛
穿越,我在沈睡中重生窗外黎明 變黃昏夢在將醒未醒時 成真心被燙傷的疤痕眼角逝去的青春彷彿就像奇蹟般 再生喔～二零零三年喔～妳最落寞那一天時間畫出曲線喔～最因緣的際會喔～不完美的完美走進妳世界ＳＴＡＹ 在忐忑中穿越以為 能解開許多結抹去那些我曾犯過錯的重寫這些我自以為是做對的喔喔喔 只想愛能有結果ＳＴＡＹ 在祈禱中穿越走出 這宿命的原罪可是傷害同樣也輪迴因為愛我妳選擇離開我就讓整個穿越變成一場誤會 不能化解夢裡我沒有 夢醒沒有我誰穿越 穿越誰如果我沒有 如果沒有我  在  心被燙傷的疤痕眼角逝去的青春彷彿就像奇蹟般 再生喔～二零一六年喔～回不去的那一天時間畫出曲線喔～最因緣的際會喔～不完美的完美走出你世界ＳＴＡＹ 在忐忑中穿越以為 能解開許多結抹去那些我曾犯過錯的重寫這些我自以為是做對的喔喔喔 只想愛能有結果ＳＴＡＹ 在祈禱中穿越走出 這宿命的原罪可是傷害同樣也輪迴因為愛我妳選擇離開我就讓整個穿越變成一場誤會 不能化解夢裡我沒有 夢醒沒有我誰穿越 穿越誰如果我沒有 如果沒有我誰穿越[ti:穿越][ar:][al:偉大的渺小]
突然累了,You're just another part of me　wooYou're just another part of me　oh吃飯吃到睡了　我開車開到傻了我看書看到妳了 開始懷疑我怎麼了說話說到吐了　我寫歌寫到瘋了我愛妳愛到盲了 天知道我又怎麼了不捨得 捨不得　都分手了捨不得 不捨得　散了  在  愛是妳的 我是我的　完了原來我只是突然累了 原來我不說了原來我撐著撐到麻了 原來我不愛了原來我不說了原來我撐著撐到麻了　原來我不愛了
第二天堂,妖精在我的鼻子前跳著舞　失血過多的我眼睛變模糊殺氣粉碎了喉嚨慘烈音符　下一刻　又復活重覆循環著沒人問為什麼　獨自奔跑在森林中的寂寞遙遠的打鬥聲被拋在腦後　你砍我　我就報復＊我目睹的一切　真實的存在這個世界　是心靈的殘缺　還是現實已　被忽略＃虛擬的善惡戰　落在另外一個天堂　我在其中迷惘了悲傷　魔血噴出飛濺　虛擬的善惡戰　回到現實中也一樣　就算活在天堂　依是悲傷黑暗勢力炫耀死亡結果　光明精靈散發除魔的灑脫現代人每秒思緒裡的斟酌　在狂燃　是戰火他們撕裂空間肉眼看不見　只剩戰鬥後的一切飛上天銀色的外衣染上敵人鮮血　劍鋒卻　不懂停歇  在  Repeat ＊,＃Yo yo yo, check this outYou think it's perfect, everything is so fineWait till you look it through your spiritual eyesYou think it's nice, but please open your eyesThis place is but a beautiful skyYou want it I want it, everything's a wantWe lose it then we say it's for funYou think it's funny, what I'm saying is cornyIt's a warning, hear it or ignore it虛擬的善惡戰　落在另外一個天堂　我在其中迷惘了悲傷Repeat ＃You think it's perfect, everything is so fineWait till you look it through your spiritual eyesYou think it's nice, but please open your eyesThis place is but a beautiful sky
第二天堂,妖精在我的鼻子前跳著舞　失血過多的我眼睛變模糊殺氣粉碎了喉嚨慘烈音符　下一刻　又復活重覆循環著沒人問為什麼　獨自奔跑在森林中的寂寞遙遠的打鬥聲被拋在腦後　你砍我　我就報復＊我目睹的一切　真實的存在這個世界　是心靈的殘缺　還是現實已　被忽略＃虛擬的善惡戰　落在另外一個天堂　我在其中迷惘了悲傷　魔血噴出飛濺　虛擬的善惡戰　回到現實中也一樣　就算活在天堂　依是悲傷黑暗勢力炫耀死亡結果　光明精靈散發除魔的灑脫現代人每秒思緒裡的斟酌　在狂燃　是戰火他們撕裂空間肉眼看不見　只剩戰鬥後的一切飛上天銀色的外衣染上敵人鮮血　劍鋒卻　不懂停歇  在  Repeat ＊,＃Yo yo yo, check this outYou think it's perfect, everything is so fineWait till you look it through your spiritual eyesYou think it's nice, but please open your eyesThis place is but a beautiful skyYou want it I want it, everything's a wantWe lose it then we say it's for funYou think it's funny, what I'm saying is cornyIt's a warning, hear it or ignore it虛擬的善惡戰　落在另外一個天堂　我在其中迷惘了悲傷Repeat ＃You think it's perfect, everything is so fineWait till you look it through your spiritual eyesYou think it's nice, but please open your eyesThis place is but a beautiful sky
第幾個100天,我 把愛鋪成藍天讓不安的你 一抬頭就看得見我 把心燒成火焰讓怕黑的你 擁著溫暖入眠我曉得 時間如雪 有時候會覆蓋一切但是真愛 一如倔強會重生的綠葉第幾個100天 還是很有感覺用眼睛去素描 你內心的世界第幾個100天 也像剛熱戀兩個人手一牽 連命運都改變我 把心燒成火焰讓怕黑的你 擁著溫暖入眠我曉得 時間如雪 有時候會覆蓋一切但是真愛 一如倔強會重生的綠葉  在  第幾個100天 還是很有感覺用眼睛去素描 你內心的世界第幾個100天 也像剛熱戀兩個人手一牽 連命運都改變曾有的敏感脆弱在我的胸口 你就躺下來別說了將有的固執衝動我也會擁抱你安撫著體諒你心疼著Wooh~~Yeah~~第幾個100天 越來越有感覺用眼睛去素描 你內心的世界管過多少100天 也像剛熱戀兩個人手一牽 連命運都改變當守護變信念 連淚水都很甜
簡簡單單,我們都是泡沫輕輕一碰就破 眼淚是愛的花火昨天就像飛機穿過我的窗口 我什麼都沒有我攤開了雙手妳予取予求 直到妳想自由痛苦的時候我不會閃躲 就像樹葉甘心為春風吹落只是簡簡單單的愛過 我還是我簡簡單單的傷過 就不算白活簡簡單單的瘋過 被夢帶走當故事結束之後 心也習慣一個人寂寞我攤開了雙手 妳予取予求 知道妳想自由痛苦的時候 我不會閃躲 就像樹葉甘心為春風吹落只是簡簡單單的愛過 我還是我簡簡單單的傷過 就不算白活  在  簡簡單單的瘋過 被夢帶走當故事結束之後 心也習慣一個人寂寞只是簡簡單單的愛過 我還是我簡簡單單的傷過 就不算白活簡簡單單的瘋過 被夢帶走當故事結束之後 心也習慣一個人寂寞(文案)我們常常無力的看著一些　美好　從身邊　走　過但你想留住他們嗎？　凋謝的也能挽回嗎？加油已經無法提供動力了
精靈,月光下的你沈默而孤單挺直的脊樑和瘦削的肩膀眼裏的迷惘　影子的蒼涼　夜霧茫茫可以對著你一整個晚上什麼都不說數著呼吸幻想想著真實的你　到底怎樣　怎麼堅強＊但愛　輕悄悄的　追來的不露痕跡　化成一件外衣　披上眼前的你　我思念到了底　就一直逗留在你心裏  在  ＃因為我遇見你像一場虛擬的遊戲　我認識你也只是網路上一段訊息　你若不在　我的腦海　就一片空白△因為我不停猜想你的心思你的臉　模擬著和你見面走在一起的畫面　我會等待　你能接受　這麼愛(So don't you go...)Repeat ＊＃△　＃△
編號89757,妳把我turn on的那一天　我睜開眼　見了妳　第一面認主程序自動run一遍　我屬於妳　沒有期限所有妳說的一切命令　絕對執行　忠心程度第一名我的功能就是保護妳　上天入地　如影隨形不離編號89757　從這一刻就是妳給我的姓名模仿人類的機器　(真實的皮膚有溫度甚至能呼吸)十秒鐘內房間打掃完畢　三分鐘樓下開車等妳男朋友不乖我攆他出去　妳寂寞我陪妳談心可是電腦病毒讓我生病　不知不覺中我愛上妳我行為變的不由自己　主人我絕對不背叛妳編號89757　從這一刻就是妳給我的姓名模仿人類的機器　(真實的皮膚有溫度甚至能呼吸)十秒鐘內房間打掃完畢　三分鐘樓下開車等妳男朋友不乖我攆他出去　妳寂寞我陪妳談心  在  可是電腦病毒讓我生病　不知不覺中我愛上妳我行為變的不由自己　主人我絕對不背叛妳可是我怎能　講怎麼　做怎麼愛　編號89757我會閱讀　會下廚　會跳舞　編號89757會流淚　會喝醉　會傷悲　編號89757這世界　沒有妳　我是誰　編號89757編號89757　從這一刻就是妳給我的姓名模仿人類的機器十秒鐘內房間打掃完畢　三分鐘樓下開車等妳男朋友不乖我攆他出去　妳寂寞我陪妳談心可是電腦病毒讓我生病　不知不覺中我愛上妳我行為變的不由自己　主人我絕對不背叛妳
美人魚,我在沙灘劃個圓圈　屬於我倆安逸世界　不用和別人連線　我不管你來自深淵　也不在乎身上鱗片　愛情能超越一切＃只要你在我身邊　所有蜚語流言　完全視而不見　請不要匆匆一面　一轉身就沉入海平線△傳說中你為愛甘心被擱淺　我也可以為你潛入海裏面　怎麼忍心斷絕　忘記我不變的誓言　我眼淚斷了線  在  ★現實裏有了我對你的眷戀　我願意化作雕像等你出現　再見再也不見　心碎了飄蕩在海邊　你抬頭就看見Repeat ＊,＃,△,★,△,★你　你抬頭就看見　oh yeah你　你抬頭就看見
翅膀,同樣的機場　不同世界同樣的咖啡　不同味覺同樣的我和我　都少了一些看飛機劃過天空　不見了＊用你給我的翅膀飛　我懂這不是傷悲　再高都不會累　我們都說好了　用你給我的翅膀飛　我感覺已夠安慰　烏雲也不再多　我們也不為誰掉眼淚空氣中藏著　你的香味回憶裡躲著　你的眼淚  在  最後擁抱的　溫暖還有一些我拖著行李往前　一直走Repeat ＊看一看回憶是雲朵　一朵朵的飄過若想要回頭　就無法翱翔Repeat ＊-----------[00:13]同樣的機場　不同世界[00:21]同樣的咖啡　不同味覺[00:28]同樣的我和我　都少了一些[00:35]看飛機劃過天空　不見了[02:41][01:59][00:45]用你給我的翅膀飛[02:44][02:03][00:50]我懂這不是傷悲[02:48][02:06][00:52]再高都不會累　我們都說好了[02:55][02:13][00:59]用你給我的翅膀飛[02:59][02:16][01:03]我感覺己夠安慰[03:14][03:02][02:20][01:06]烏雲也不再多　我們也不為誰掉眼淚[01:27]空氣中藏著　你的香味[01:34]回憶裡躲著　你的眼淚[01:41]最後擁抱的　溫暖還有一些[01:48]我拖著行李往前　一直走[02:27]看一看回憶[02:31]是雲朵　一朵朵的飄過[02:34]若想要回頭　就無法傲翔
聖所,希望被蒸發了以後眼淚是否還捨得流靈魂是否還能祈求徘徊在幽谷的念頭寧靜是奢侈的奢求淪陷在時線的破口這支離破碎的部落哪裡是初衷的聖所我重溫心中的寄託脈搏如火 依然執著Just follow me 感受我的力量Just follow me 我要帶你前往聖所的地方Just follow me 感覺我的釋放Just follow me 我要帶你點燃聖所的光芒我信念裡的曙光細聽著破曉的前奏放手一搏前的守候槍林彈雨裡不停留因為前進等於自由我們在逆流中搏鬥坦然失去所以擁有  在  我乘著雄風來破浪我奔向命運的宣戰未知是炯炯的目光聖所呼喚 帶你啟航Just follow me 感受我的力量Just follow me 我要帶你前往聖所的地方Just follow me 感覺我的釋放Just follow me 我要帶你點燃聖所的光芒我信念裡的曙光Just follow meJust follow me聖所的光芒Just follow me 感受我的力量Just follow me 我要帶你前往聖所的地方Just follow me 感覺我的釋放Just follow me 我要帶你點燃聖所的光芒我信念裡的曙光
聽不懂沒關係,RAP：唱什麼　你若聽不懂　無所謂　只要放輕鬆對音樂　也許不認同　爺爺也樂在其中電鋼琴　對我很服從　手指頭　彈的很從容我喚醒它在你耳邊跳動彈著琴想著心事　一幕幕畫面流逝她的細緻柔軟的雙手　像一篇童話詩她用知音的方式　看我彈琴的樣子從此以後　我的腦海　就只有一個名字唱什麼　不一定要懂　做音樂　我讓心放縱也許你　聽的很激動　耶　耶　也別太激動森林中　吹起海洋風　星空下　做著白日夢  在  我隨心所欲讓音樂帶動Rap：看　很多人常常這樣唱歌　這就是我們所謂的饒舌一下往那嘻　一下往這哈　這樣魔術般的脣型媽媽覺得不可思議這一種唱歌的方式　像拋Roti Prata的樣子一聽到音樂節奏就不停的展示媽媽妳聽不懂(沒關係啦)　我有另一種旋律帶給聽眾完全不同的感動
背對背擁抱,話總說不清楚 該怎麼明瞭一字一句像 圈套舊帳總翻不完 誰無理取鬧你的雙手甩開剛好的微妙然後戰火再燃燒我們背對背擁抱濫用沉默在咆哮愛情來不及變老葬送在烽火的玩笑我們背對背擁抱真話兜著圈子亂亂繞只是想讓我知道只是想讓你知道 愛的警告話總說不清楚 該怎麼明瞭一字一句像 圈套 yeah~舊帳總翻不完 誰無理取鬧你的雙手甩開剛好的微妙然後戰火再燃燒我們背對背擁抱  在  濫用沉默在咆哮愛情來不及變老葬送在烽火的玩笑喔...我們背對背擁抱真話兜著圈子亂亂繞只是想讓我知道只是想讓你知道 愛的警告我不要 一直到 形同陌路變成自找既然可以擁抱 就不要輕易放掉我們背對背擁抱濫用沉默在咆哮愛情來不及變老葬送在烽火的玩笑我們背對背擁抱真話兜著圈子亂亂繞只是想讓我知道只是想讓你知道 這警告只是想讓我知道只是想讓你知道 愛的 警告   友站連結： fb　
自由不變,不變不動不轉的世界剎那瞬息片刻永遠　用全心記住你的臉來來回回千萬遍突然領悟你是如何愛我＃我一直習慣簡單的　隨興的　放任的自由　不喜歡動輒得咎  在  　不溫不火日復一日無聊的生活＊沉默的瞭解的是你的溫柔　不管我錯了　對了　因為你說那就是我Repeat all once,＃,＊哦～耶～那就是我
茉莉雨,垂柳斜巷茉莉雨向晚伴殘笛宣白落筆全是妳文細膩 字飄逸 人無語梧桐秋風沙沙地孤窗外疑是妳故事遠去幾華里等結局 我猶豫 輕嘆氣琴聲裡 愁幾許 關於妳輕彈一首別離 還在愛妳緣份竟然默許 妳離去輕彈一首別離 名為茉莉雨園中花瓣落地 了斷了過去  在  而我醞釀情緒 舉杯引醉意燭火搖曳 皆因風起淚暈墨跡 我在想妳楓紅愁緒 秋冷了回憶輕彈一首別離 放不下妳吟唱心事秘密 傷繼續輕彈一首別離 名為茉莉雨雨季後我溯溪 找妳的消息古鎮老牆添綠 又一年過去庭院開滿茉莉 卻等不到妳
莎士比亞的天份,刻在樹上的字任風刮 寫著愛著一個人的故事但是文字還是文字不算話想送給妳的每一束花 想陪妳的黃昏和沙灘隨著時間枯萎 夢醒了才後悔我是一個沒勇氣的人 帶著小小年紀的天真想妳一定是不敢轉身 臉上微笑心捨不得我沒有莎士比亞的天份 寫出我們的喜怒哀樂但在這一刻寫了一個完結篇 失去了妳刻在樹上的字任風刮 寫著愛著一個人的故事但是文字還是文字不算話想送給妳的每一束花 想陪妳的黃昏和沙灘隨著時間枯萎 夢醒了才後悔  在  我是一個沒勇氣的人 帶著小小年紀的天真想妳一定是不敢轉身 臉上微笑心捨不得我沒有莎士比亞的天份 寫出我們的喜怒哀樂但在這一刻寫了一個完結篇 失去了妳我是一個沒勇氣的人 帶著小小年紀的天真想妳一定是不敢轉身 臉上微笑心捨不得我沒有莎士比亞的天份 寫出我們的喜怒哀樂但在這一刻寫了一個完結篇 失去了妳但在這一刻寫了一個完結篇　失去了妳
街道, 節奏正在跳躍　音樂在狂叫要我們　Get down　Get down天黑不睡覺　天亮還在耗　日夜早顛倒　顛倒霓虹燈在閃耀　對拍著心跳要我們　Get down　Get down不同的顏色　混搭的出色　這就是街道　街道誰主角　路人彼此在掃描哪一招　褲管捲的很花俏哇靠(哇嘮)在玻璃櫥窗　瞪著限量公仔　卻買不到又跌倒　滑板功力還沒到安全帽　流汗總比流血好美眉　手機拿很高　用力嘟著小嘴　拍大頭照  在  這是我們的街道　潮流變換的符號混搭自己的味道　誰要跟風就　統統遜掉潮牌就該炫燿　耍帥就耍到爆讓我們大聲叫　為這個城市尖叫　Come on節奏正在跳躍　音樂在狂叫要我們　Get down　Get down天黑不睡覺　天亮還在耗　日夜早顛倒　顛倒霓虹燈在閃耀　對拍著心跳要我們　Get down　Get down不同的顏色　混搭的出色　這就是街道　街道
表達愛(& 廖君),我們擦身而過風捲起了沉睡的什麼情緒在慫恿 撐開了懵懂有一種衝動決定不沉默畢竟有感覺的人不多我不想就此錯過眼睜睜看愛就這樣過嗎至少我和你可以說說話證明剛剛發生過什麼...用表白 換一份期待能不能就少一點忐忑 無奈心還 繞著你徘徊難道 真是愛淚水流過 才明白  在  愛不愛 原來心裡早已 存在幸福 不在千里外讓我勇敢 表達愛...用表白 換一份期待能不能就少一點忐忑 無奈心還 繞著你徘徊難道 真是愛淚水流過 才明白愛不愛 原來心裡早已 存在幸福 不在千里外讓我勇敢 表達愛...讓我勇敢 表達愛...[ti:表達愛][ar:&廖君][al:][by:習]
被風吹過的夏天,女聲：金莎還記得昨天　那個夏天微風吹過的一瞬間　似乎吹翻一切　只剩寂寞肯沉澱(如今)風依舊在吹　秋天的雨跟隨　心中的熱卻不退彷彿繼續閉著雙眼　熟悉的臉　又(會)浮現　在眼前藍色的思念　突然演變成了　陽光的夏天空氣中的溫暖　不會很遙遠　冬天也彷彿　不再留戀綠色的思念　揮手對我說一聲'四季不變'不過一季的時間　又再回到從前　那個被風吹過的夏天  在  (文案)被風吹過的夏天...創作的第一首男女對唱歌曲聽見愛情最純真的心情看見在這首歌裡因為一個女孩 作夢也傷心在這被風吹過的夏天裡現在這女孩 名叫金莎
裂縫中的陽光,峰有多少創傷卡在咽喉 有多少眼淚滴濕枕頭有多少你覺得不能夠 被懂的痛 只能沉默有多少夜晚沒有盡頭 有多少的寂寞 無人訴說有多少次的夢 還沒作 已成空等到黑夜翻面之後 會是新的白晝等到海嘯退去之後 只是潮起潮落別到最後你才發覺 心裡頭的野獸還沒到最終就已經罷休心臟沒有那麼脆弱 總還會有執著人生不會只有收穫 總難免有傷口不要害怕生命中 不完美的角落陽光在每個裂縫中散落就算一切重來又怎樣 讓你的心在我心上跳動  在  每個逐漸暗下來的夜 一起走過等到黑夜翻面之後 會是新的白晝等到海嘯退去之後 只是潮起潮落別到最後你才發覺 心裡頭的野獸還沒到最終就已經罷休心臟沒有那麼脆弱 總還會有執著人生不會只有收穫 總難免有傷口不要害怕生命中 不完美的角落陽光在每個裂縫中散落不如就勇敢打破 生命中的裂縫陽光就逐漸灑滿了其中
西界,陽光越過窗沿　我在陰影裡面才過正午十三點　就漆黑一片沒有人看的見 我心深處的陰暗面＃只能眺望東邊　你的世界太遠　撐到想像的極限　幸福有多甜　可黑夜已吞噬我　就是拉不到你的手＊因為我活在西邊　只擁有半個白天　一到午後夜色就蔓延  在  　雖然和你面對面　卻看不到我的臉　感覺到你不安的視線　在西界的那一邊　只能有半個白天　暗自祈禱上天的垂憐　在長夜的邊緣　給我一絲光線　讓你能多看我一眼Repeat　＃,＊,＊
記得(Remember),誰還記得　是誰先說　永遠的愛我以前的一句話　是我們以後的傷口過了太久　沒人記得　當初那些溫柔我和你手牽手　說要一起　走到最後我們都忘了　這條路走了多久心中是清楚的　有一天　有一天都會停的讓時間說真話　雖然我也害怕在天黑了以後　我們都不知道會不會有以後誰還記得　是誰先說　永遠的愛我以前的一句話　是我們以後的傷口過了太久　沒人記得　當初那些溫柔我和你手牽手　說要一起　走到最後我們都累了　卻沒辦法往回走  在  兩顆心都迷惑　怎麼說　怎麼說都沒有救親愛的為什麼　也許你也不懂兩個相愛的人　等著對方先說想分開的理由誰還記得　愛情開始變化的時候我和你的眼中　看見了不同的天空走得太遠　終於走到分岔路的路口是不是你和我　要有兩個　相反的夢誰還記得　是誰先說　永遠的愛我以前的一句話　是我們以後的傷口過了太久　沒人記得　當初那些溫柔我和你手牽手　說要一起　走到最後我和你手牽手　說要一起　走到最後
記得,誰還記得　是誰先說永遠的愛我　以前的一句話是我們以後的傷口　過了太久　沒人記得　當初那些溫柔　我和你手牽手說要一起走到最後我們都忘了　這條路走了多久心中是清楚的　有一天有一天都會停的讓時間說真話　雖然我也害怕在天黑了以後　我們都不知道會不會有以後Repeat ＊  在  我們都累了　卻沒辦法往回走兩顆心都迷惑　怎麼說怎麼說都沒有救親愛的為什麼　也許你也不懂兩個相愛的人　等著對方先說想分開的理由誰還記得　愛情開始變化的時候我和你的眼中看見了不同的天空走得太遠　終於走到分岔路的路口是不是你和我要有兩個相反的夢Repeat ＊我和你手牽手說要一起走到最後
讓我心動的人已好久沒有你的消息　好久都沒有和你談心好想念你　總愛對我說　你近來痘痘怎麼那麼多如今你是否還留長髮　你是否仍每夜遲回家你是不是　還愛咬指甲　Oh girl 我今夜好想你呀＊夢　若和你的一切都是夢　那為何我會心動　誰　為了誰　為了誰心動在分分鐘  在  ＃風它不肯說　雲悄悄飄過　黑夜它依舊沉默　只有天上一顆星星說　她睡了　你是否也該休息了△風它不肯說　雲悄悄飄過　心跳卻說服我　沒有錯　讓我心動的人　是誰呀　願那在夢中的你會懂Repeat ＊,＃,△,△
豆漿油條,喝純白的豆漿　是純白的浪漫望著你可愛臉蛋　和你純真的模樣我傻傻對你笑　是你憂愁解藥你說我就像油條　很簡單卻很美好＊我知道　你和我　就像是豆漿油條　要一起　吃下去　味道才會是最好　你需要我的傻笑　我需要你的擁抱　愛情就是要這樣　它才不會淡掉  在  ＃我知道　有時候　也需要吵吵鬧鬧　但始終　也知道　只有你對我最好　豆漿離不開油條　讓我愛你愛到老　愛情就是要這樣　它才幸福美好△我知道　都知道　你知道　你都知道　好不好　別偷笑　笑　讓我知道(就好)我喝完熱豆漿　卻念著還想要你吃完金黃油條　愛情又要再發酵Repeat ＊,＃,△,△()
起床了,虛擬的善惡戰　落在另一天堂我在其中迷惘了悲傷　魔血噴出飛濺虛擬的善惡戰　回到現實中也一樣就算活在天堂太陽露出來了　夢境開始和現實接軌　人　於是慢慢甦醒然後停格　那　到底哪一邊才是真實　睡夢還是甦醒
超越無限,別小看努力的人 眼神撩人 電力無邊無際無窮無影腳忙著追夢  always ahead 背影總在最最前面夢想沿著現實攀岩 蠢蠢欲動 未來決定在我 oh我不管你是怎麼看我 不用分類 我的堅持難改變oh 一遍遍 吶喊直到分貝突破極限 ohoh 一遍遍 超越再超越的速度變得更快當你還沒相信 也還沒眨眼 我 一再超越無限衝過安全界線 再安全上壘 我 一再超越無限  在  oh wow 你不要分分鐘的拖延oh wow 我正在分分鐘的實現 (還沒到時候懷念從前)我一路超速時間 遙遙領先 你意料之外的期限汗水蒸發在昨天 我的今天 都為了更強的明天夢想沿著現實攀岩 蠢蠢欲動 未來決定在我 oh我不管你是怎麼看我 不如聯手 讓世界動起來
距離,在距離三公里的位置　我在這裏　想像心中的你的呼吸同樣的熄著燈的窗子　你在那裏　聽不到我呼吸著分離＊我走向前　你看不見　真的遙遠　就連嘆息　影子聽見　也似無言　你走向前　我看不見　你的思念　你和我之間　刻著一條界線　不曾有改變保留著三公分的距離　我的眼裏　填滿著整個我愛的你  在  坐在同一張四方桌子邊　你的眼裏　讀不到眷著我的訊息Repeat ＊當愛離開之前　能多苦　能多深　能多甜距離是你走過我身邊Repeat ＊你和我之間　刻著一條界線　不曾有改變
跟屁蟲,這麼一雙鞋 品牌奇怪 真的奇怪它的勾勾 怎麼倒反那 運動襯衫 也是奇怪也夠奇怪 為什麼 鱷魚會撐傘Hey YO Tell Me I don't know whyHey YO Why 偶像歌手都有山寨版Hey YO Tell Me What's on your mind搞 這麼的像 這麼的爛 這麼寒酸 怎麼的辦贏了就是貓熊 輸了就是狗熊創意死於模仿有什麼用  在  開創你的未來 命運自己主宰別只作個冒牌當跟屁蟲 當跟屁蟲…有什麼用就是跟屁蟲 有什麼用這 一個漢堡 品牌奇怪 真的奇怪黃色的M為何倒反那 兒童品牌 也是奇怪也夠奇怪 為什麼 Kitty有瀏海Hey YO Tell Me I don't know whyHey YO Why 偶像歌手都有山寨版Hey YO Tell Me What's on your mind搞 這麼的像 這麼的爛 這麼寒酸 怎麼的辦
身為風帆,偶爾只能夠轉彎偶爾必須搶灘偶爾微笑看海洋多寬偶爾淪為瓶中船身為風帆 終要瀏覽乘風破浪之餘的孤單不解釋 是改變別人太困難暗湧蠢動 身為風帆 終要能釋然萬流交錯難免有不堪不死灰 是有愛讓我 能蔚藍得到用失去來換固執用痛償還  在  甜酸總輪流相互陪伴苛求圓滿太貪婪從劫後餘生 身為風帆 終要拓展當初絕對自我的獨斷生存中 沒所謂標準答案冷暖自知 身為風帆 學順其自然接受代替不滿的吶喊去擁抱 才是真實的勇敢去流浪 才更確定誰讓我 有岸[ti:身為風帆][ar:][al:偉大的渺小][by:噗雷萬]
轉動,還來不及看你最靦腆的笑容任性的時間卻不肯停止轉動總在落幕後 才學會如何 珍重他們總愛流言蜚語言不由衷突然我明白你有多孤獨惶恐淚水淹沒了 愛要在哪裡 降落你讓真愛 轉動 讓自己不停夢身在其中 繞成圓周 悲歡都全被你 包容你讓靈魂 轉動 用愛燃燒夜空無可取代的 你在我心目中因為你 讓生命感動所謂整個世界原來只是你我也許生命只有兩個簡單選擇誰來當觀眾 誰在劇情中 嗚~渺小的我因為你而勇敢的夢  在  但願我能對著你說你多獨特就在不言中 感謝你一路 陪我你讓真愛 轉動 讓自己不停夢身在其中 繞成圓周 悲歡都全被你 包容你讓靈魂 轉動 用愛燃燒夜空無可取代的 你在我心目中因為你 讓生命感動wu..oh.....yeah~~~~oh......你讓真愛 轉動 讓自己不停夢身在其中 繞成圓周 悲歡都全被你 包容你讓靈魂 轉動......oh...... (用愛燃燒夜空)wu...yeah.......... (無可取代的 你在我心目中)因為你 讓生命 感動無可取代的 你在我心目中因為你 讓生命 感動
進化論,川他近水樓台 就地取材 手到擒來我在他面前卻像 隔著 山脈山伯和英台 一封留言 排山倒海愛她的紙片 把我說成 呆過了幾千年 愛情的寶典 祖先沒傳下來達爾文的臉 黑丫丫一片 進化論解不開(討厭現在) 多情容易被出賣(討厭古代) 緣份只靠等待(討厭未來) 那承諾太容易腐敗(快轉倒帶) 結果總是一樣壞馬車的輪胎 翻山越嶺 都要表白跑車跑的快 只為早點 Bye  在  (討厭現在) 多情容易被出賣(討厭古代) 緣份只靠等待(討厭未來) 那承諾太容易腐敗(快轉倒帶) 結果總是一樣壞活了幾千年 愛情的臉 跟隨著進化在改變悄悄的出現 疫苗看不見 誰拿感情來當消遣(討厭現在) 多情容易被出賣(討厭古代) 緣份只靠等待(討厭未來) 那承諾太容易腐敗(快轉倒帶) 結果總是一樣壞(討厭現在 討厭古代) 緣份只靠等待(討厭未來 快轉倒帶) 最後結果總是一樣壞
進階,告別的時刻已到了隨身的行囊 裝些快樂前方被烏雲籠罩了心中在拉扯 困獸在低吼隱隱約約的沈默透露一絲絲苦澀願你不再被傷透別再帶著淚入睡曲曲折折的世界答案不一定絕對傷口因為愛壯烈讓我們同步進階重生的力量來自真我戰勝可敬的對手 yeah堅持信念是我的所有抵達心中的遼闊 yeah有失去的 該進階的有遺憾的 該進階的放不下的 該進階的yeah 聖所的光芒指引方向oh跨越了浩劫曙光漸亮 oh  在  希望因掙扎破滅了再別無所求 於是自由 oh逆著風孤獨的英雄也渴望停泊 可說不出口隱隱約約的沈默透露一絲絲苦澀願你不再被傷透別再帶著淚入睡曲曲折折的世界答案不一定絕對傷口因為愛壯烈讓我們同步進階重生的力量來自真我戰勝可敬的對手 yeah堅持信念是我的所有抵達心中的遼闊 yeah有失去的 該進階的有遺憾的 該進階的放不下的 該進階的yeah 聖所的光芒指引方向oh跨越了浩劫曙光漸亮 oh
那些你很冒險的夢(Those Were The Days),當兩顆心開始震動當你瞳孔學會閃躲當愛慢慢被遮住只剩下黑距離像影子被拉拖當愛的故事剩聽說我找不到你單純的面孔當生命每分每秒都為你轉動心多執著就加倍心痛那些你很冒險的夢 我陪你去瘋摺紙飛機 碰到雨天 終究會墜落太殘忍的話我直說 因為愛很重你卻不想懂 只往反方向走當愛的故事剩聽說我找不到你單純的面孔當生命每分每秒都為你轉動  在  心有多執著就加倍心痛那些你很冒險的夢 我陪你去瘋摺紙飛機 碰到雨天 終究會墜落太殘忍的話我直說 因為愛很重你卻不想懂 只往反方向走我不想放手 你鬆開的左手你愛的放縱 我白不回天空我輸了 累了 當你再也不回頭那些你很冒險的夢 我陪你去瘋摺紙飛機 碰到雨天 終究會墜落太殘忍的話我直說 因為愛很重你卻不想懂 只往反方向走你真的不懂 我的愛已降落
那些你很冒險的夢,當兩顆心開始震動當你瞳孔學會閃躲當愛慢慢被遮住只剩下黑距離像影子被拉拖當愛的故事剩聽說我找不到你單純的面孔當生命每分每秒都為你轉動心多執著就加倍心痛那些你很冒險的夢 我陪你去瘋摺紙飛機 碰到雨天 終究會墜落太殘忍的話我直說 因為愛很重你卻不想懂 只往反方向走當愛的故事剩聽說我找不到你單純的面孔當生命每分每秒都為你轉動心有多執著就加倍心痛  在  那些你很冒險的夢 我陪你去瘋摺紙飛機 碰到雨天 終究會墜落太殘忍的話我直說 因為愛很重你卻不想懂 只往反方向走我不想放手 你鬆開的左手你愛的放縱 我白不回天空我輸了 累了 當你再也不回頭那些你很冒險的夢 我陪你去瘋摺紙飛機 碰到雨天 終究會墜落太殘忍的話我直說 因為愛很重你卻不想懂 只往反方向走你真的不懂 我的愛已降落
醉赤壁,落葉堆積了好幾層 而我踩過青春 聽見 前世誰在淚語紛紛一次緣分結一次繩 我今生還在等 一世 就只能有一次的認真確認過眼神 我遇上對的人 我揮劍轉身而鮮血如紅唇前朝記憶渡紅塵 傷人的不是刀刃 是妳轉世而來的魂確認過眼神 我遇上對的人 我策馬出征 馬蹄聲如淚奔青石板上的月光照進這山城我一路的跟 妳輪迴聲 我對妳用情極深洛陽城旁的老樹根 像回憶般延伸 妳問 經過是誰的心跳聲我拿醇酒一罈飲恨 妳那千年眼神 是我 醉醉墜入赤壁的 傷痕  在  確認過眼神 我遇上對的人 我揮劍轉身而鮮血如紅唇前朝記憶渡紅塵 傷人的不是刀刃 是妳轉世而來的魂確認過眼神 我遇上對的人 我策馬出征 馬蹄聲如淚奔青石板上的月光照進這山城我一路的跟 妳輪迴聲 我對妳用情極深確認過眼神 我遇上對的人 我策馬出征 馬蹄聲如淚奔青石板上的月光照進這山城我一路的跟 妳輪迴聲 我對妳用情極深我一路的跟 妳輪迴聲 我對妳用情極深
關鍵詞,好好愛自己 就有人會愛你 這樂觀的說詞幸福的樣子 我感覺好真實 找不到形容詞沉默在掩飾 快氾濫的激情 只剩下語助詞有一種踏實 當你口中喊我名字落葉的位置 譜出一首詩 時間在消逝 我們的故事開始這是第一次 讓我見識愛情可以慷慨又自私你是我的關鍵詞我不太確定 愛最好的方式 是動詞或名詞很想告訴你 最赤裸的感情 卻又忘詞  在  聚散總有時 而哭笑也有時 我不怕潛台詞有一種踏實 是你心中有我名字落葉的位置 譜出一首詩 時間在消逝 我們的故事開始這是第一次 讓我見識愛情可以慷慨又自私你是我的關鍵詞你藏在歌詞 代表的意思 是專有名詞落葉的位置 譜出一首詩 我們的故事才正要開始這是第一次 愛一個人愛得如此慷慨又自私你是我的關鍵詞[ti:關鍵詞][ar:][al:和自己對話][by:GetNoTogether]
陌生老朋友(Dear Friend),Tell it to me now,how you do itTell it to me now,'cos I can't fake itTell it to me now,let's just kick itIt's my turn now,hear me out問候太客套 不要太像社交不如胡說八道 yeah找你不好找 不稀罕什麼心照不如多幾張合照 yeah寧願久不久聽你為生活發點牢騷有趣無趣也聊它一聊我珍惜那無聊誰說見面不重要 淡淡如水的君子之交心有靈犀的境界多高 我不信那一套陌生老朋友 這樣的稱號要不要小人就小人 友情不用搞得太深奧永遠遙遠地微笑 這樣的關係要不要小人就小人 甜如蜜的來往有多好有什麼不好 yeahTell it to me now,how you do itTell it to me now,'cos I can't fake itTell it to me now,let's just kick it  在  It's my turn now寧願久不久 有事沒事也說說笑笑不要有事才互相請教歡迎隨便打擾原諒我受不了淡淡如開水君子的神交不怕有磨擦吵吵鬧鬧 只怕太有禮貌陌生老朋友 這樣的稱號要不要小人就小人 友情不用搞得太深奧永遠遙遠地微笑 這樣的關係要不要小人就小人 甜如蜜的來往有多好有什麼不好 yeah陌生老朋友 這樣的稱號要不要小人就小人 友情不用搞得太深奧永遠遙遠地微笑 這樣的關係要不要小人就小人 一年一度問你好不好你說好不好 yeah
除了愛你還能愛誰,德生rence Teo大雨過後霓虹的世界半片土司冷掉的咖啡熱鬧的街烤香腸的香味想起遠方你的夜也許流浪是我的事業在你心中我沒有地位敲著琴鍵唱不出的心碎你忘了你的誓約城市的屋頂都是天線卻收不到從前飛機劃過我頭上的天希望它為我帶走一切除了愛你還能愛誰你留下的世界已支離破碎我可以無所謂只要你自覺無後悔愛的更對除了愛你還能愛誰如果時間能讓思念繼續宿醉已幻滅的愛情至少有人還有幸福  在  Maybe all we need is timeSomething's telling me it might be youAnd it's telling me it might be youI've been singing love songs and lullabiesAnd there're so much moreNo one's ever heard beforeSomething's telling me it might be youYeah it's telling me it must be youAnd I'm feeling it'll just be youAll of my life ohI've been waiting for all of my life ohMay be it's you除了愛你還能愛誰你留下的世界已支離破碎我可以無所謂只要你自覺無後悔愛的更對除了愛你還能愛誰如果時間能讓思念繼續宿醉已幻滅的愛情至少有人還有幸福給你祝福我給你祝福I've been waiting all of my life ohI'll be waiting all of my life  
陰差陽錯,陰差陽錯轉了這一圈扭轉時間昨日在今天用我雙手輕撫你的臉時間和距離無法分開我們習慣你嘮叨的所謂真理離開了你卻化不開滿是過往的記憶要我放棄絕對我不聽如果看不開  在  我怎麼活過來愛看著你我的心在燒無奈自責的煩惱也許我自己太在意失去你無法忍受沒有你沉默孤寂看著你我心在跳抱著希望慢慢熬我鼓起最後的一份力撐下去相信真愛就在我醒來的新世紀
雪落下的聲音,原唱：陸虎oy Laureta輕輕 落在我掌心靜靜 在掌中結冰相逢 是前世註定痛並 把快樂嘗盡明明 話那麼寒心假裝 那只是叮嚀淚盡 也不能相信此生 如紙般薄命我慢慢地聽 雪落下的聲音閉著眼睛幻想它不會停你沒辦法靠近 決不是太薄情只是貪戀窗外好風景我慢慢地品 雪落下的聲音仿彿是你貼著我叫卿卿睜開了眼睛 漫天的雪無情誰來賠這一生好光景明明 話那麼寒心假裝 那只是叮嚀淚盡 也不能相信此生 如紙般薄命我慢慢地聽 雪落下的聲音閉著眼睛幻想它不會停你沒辦法靠近 決不是太薄情只是貪戀窗外好風景我慢慢地品 雪落下的聲音仿彿是你貼著我叫卿卿睜開了眼睛 漫天的雪無情誰來賠這一生好光景誰來賠這一生好光景誰來賠這一生好光景啊 雪落下的聲音 哦~~啊-----------------------------------------------雪落下的聲音輕輕，落在我掌心，qīng qīng, luò zài wǒ zhǎngxīn,靜靜，在掌中結冰。jìng jìng, zài zhǎngzhōng jié bīng.相逢，是前世註定，Xiāngféng, shì qiánshì zhùdìng,痛並，把快樂嘗盡。tòng bìng, bǎ kuàilè cháng jǐn.明明，話那麼寒心，Míngmíng, huà nàme hánxīn,假裝，那只是叮嚀。jiǎzhuāng, nà zhǐshì dīngníng.淚盡，也不能相信，Lèi jǐn, yě bùnéng xiāngxìn,  在  此生，如紙般薄命。cǐshēng, rú zhǐ bān bómìng.我慢慢地聽，雪落下的聲音，Wǒ màn man de tīng, xuě luòxià de shēngyīn,閉著眼睛幻想它不會停，bì zhē yǎnjīng huànxiǎng tā bù huì tíng,你沒辦法靠近，決不是太薄情，nǐ méi bànfǎ kàojìn, jué bùshì tài bóqíng,只是貪戀窗外好風景。zhǐshì tānliàn chuāngwài hǎo fēngjǐng.我慢慢地品，雪落下的聲音，Wǒ màn man de pǐn, xuě luòxià de shēngyīn,彷彿是你貼著我叫卿卿，fǎngfú shì nǐ tiēzhe wǒ jiào qīng qīng,睜開了眼睛，漫天的雪無情，zhēng kāile yǎnjīng, màntiān de xuě wúqíng,誰來賠這一生的好光景。shuí lái péi zhè yīshēng de hǎo guāngjǐng.明明，話那麼寒心，míngmíng, huà nàme hánxīn,假裝，那只是叮嚀。jiǎzhuāng, nà zhǐshì dīngníng.淚盡，也不能相信，Lèi jǐn, yě bùnéng xiāngxìn,此生，如紙般薄命。cǐshēng, rú zhǐ bān bómìng.我慢慢地聽，雪落下的聲音，Wǒ màn man de tīng, xuě luòxià de shēngyīn,閉著眼睛幻想它不會停，bì zhē yǎnjīng huànxiǎng tā bù huì tíng,你沒辦法靠近，決不是太薄情，nǐ méi bànfǎ kàojìn, jué bùshì tài bóqíng,只是貪戀窗外好風景。zhǐshì tānliàn chuāngwài hǎo fēngjǐng.我慢慢地品，雪落下的聲音，Wǒ màn man de pǐn, xuě luòxià de shēngyīn,彷彿是你貼著我叫卿卿，fǎngfú shì nǐ tiēzhe wǒ jiào qīng qīng,睜開了眼睛，漫天的雪無情zhēng kāile yǎnjīng, màntiān de xuě wúqíng誰來賠這一生的好光景？shuí lái péi zhè yīshēng de hǎo guāngjǐng?誰來賠這一生的好光景？shuí lái péi zhè yīshēng de hǎo guāngjǐng?誰來賠這一生的好光景？shuí lái péi zhè yīshēng de hǎo guāngjǐng?雪落下的聲音xuě luòxià de shēngyīn[ti:雪落下的聲音][ar:][al:][by:CM-FANG]
零度的親吻,時間靜止了 身邊沒人如果愛停了 誰會留著你不說理由 也不做選擇面對面的我們 像兩個陌生人零度的親吻 最禮貌的雙唇感覺變了 騙不了任何人零度的親吻 你閉上雙眼不讓我看透我不想追問 還能撐多久手一直牽著 心卻丟了我們在等著 誰先開口表面的笑容 讓人更難受愛永遠無法平衡 我其實都懂得  在  零度的親吻 最禮貌的雙唇感覺變了 騙不了任何人零度的親吻 你閉上雙眼不讓我看透我只是不想 追問我準備好接受 別用虧欠拖著夜太長 夢太多 放不下 為什麼親吻著 曾熱烈的雙唇感覺變了 騙不了任何人你的親吻 總閉上雙眼害怕我看透我不難過 我會 好好的
靈魂的共鳴,醒在古埃及的黎明　金字塔聽從你我馴服人面獅身　鎮守愛情轉身跌進長城狼煙裏　你是鎮關的傳奇我在攻城掠地　尋找知音天賦無從販賣　物競天擇淘汰現實殘酷對待　堅持才能ㄍ一ㄥ到現在萬年後的成敗　音符早已定案身體終會腐壞　寫下不朽的存在用犧牲換來黎明　迎接靈魂的共鳴輪迴幾個世紀　再遠的距離喚醒不哭泣的心關上迷惘的眼睛　我聽見靈魂的共鳴關不住我的樂癮　你也痛快的回應這超時空的交響曲文藝復興誰在引領　你用絕世琴音我用夢的歌劇　唱響魅影瞬間穿梭百萬銀河系　你是不滅的恆星阿姆斯壯會是我　獻上勇氣  在  哀悼世界沉默　男孩彈奏寂寞誰還唱著　誰還唱著誰還唱著歌他微笑不去辯駁　他觀察不去爭鬥他手指沒有停過　只因為夢想沒有崩塌用犧牲換來黎明　迎接靈魂的共鳴輪迴幾個世紀　再遠的距離喚醒不哭泣的心關上迷惘的眼睛　我聽見靈魂的共鳴關不住我的樂癮　你也痛快的回應這超時空的交響曲我聽見你靈魂的共鳴輪迴幾個世紀　再遠的距離喚醒不哭泣的心再次睜開我眼睛　看見靈魂的共鳴抹不去傷的痕跡　交織命運的交響曲沒有蛻變不了的心
領悟,我以為我會哭但是我沒有我只是怔怔望著你的腳步給你我最後的祝福這何嘗不是一種領悟讓我把自己看清楚雖然那無愛的痛苦將日日夜夜在我靈魂最深處我以為我會報復但是我沒有當我看到我深愛過的女人竟然像孩子一樣無助這何嘗不是一種領悟讓我把自己看清楚被愛是奢侈的幸福可惜你從來不在乎啊！　一段感情就此結束啊！　一顆心眼看要荒蕪我們的愛若是錯誤願你我沒有白白受苦若曾真心真意付出就應該滿足啊！　多麼痛的領悟你曾是我的全部只是我回首來時路的每一步都走的好孤獨啊！　多麼痛的領悟你曾是我的全部只願你掙脫情的枷鎖愛的束縛任意追逐別再為愛受苦我以為我會報復  在  但是我沒有當我看到我深愛過的女人竟然像孩子一樣無助這何嘗不是一種領悟讓你把自己看清楚被愛是奢侈的幸福可惜你從來不在乎啊！　一段感情就此結束啊！　一顆心眼看要荒蕪我們的愛若是錯誤願你我沒有白白受苦若曾真心真意付出就應該滿足多麼痛的領悟你曾是我的全部只是我回首來時路的每一步都走的好孤獨啊！　多麼痛的領悟你曾是我的全部只願你掙脫情的枷鎖愛的束縛任意追逐啊！　多麼痛的領悟你曾是我的全部只是我回首來時路的每一步都走的好孤獨啊！　多麼痛的領悟你曾是我的全部掙脫情的枷鎖愛的束縛任意追逐掙脫情的枷鎖愛的束縛任意追逐別再為愛受苦不再讓你受苦
飛機,好久不見     飛得好近 相隔好遠如地平線     那麼清楚卻 遠在天邊(峰)從前從前轉眼今天(合)我怎麼走怎麼還原     怎麼飛回那單純的世界     折好的飛機裡面寫著從前(合)怎麼找回那一天     固執地飛向那一個見面(峰)劃過身邊降落以前(峰)簡單一點     飛的方向 要清楚明確原始一點     或許我們會 快樂一些(峰)從前今天直到永遠  在  (合)怎麼走怎麼還原     我好想回到單純的世界折好的飛機裡面(合)寫著永遠(合)怎麼找回那一天     固執地停留在那一瞬間(峰)待久一點(合)都沒改變怎麼走怎麼還原     怎麼飛回那單純的世界     折好的飛機裡面 寫著從前(合)怎麼找回那一天     固執地飛向那一個見面劃過身邊(合)降落以前(峰)從前今天 oh~直到 (合)永遠
飛雲之下,風 讓雲長出花 漫天的花無聲開在烏雲之下 然後又飄到哪裡呀 喔林：漫步在人海的人 你過得好嗎是不是又想念家 心中那炙熱的夢啊合：它多久沒說話韓：在飛雲之下 以為忘了的家在耳裡說話 叫我別煩心 那些痛與怕林：喔 半路上的我 穿上回憶和風沙合：在飛雲之下韓：我看著海峽 走月光沙灘我也承認我還是會想他喔 且慢 前面聽說風很大林：心 在雲裡摩擦 又酸又麻但是思念在夢裡爬 以後還有誰值得等嗎 喔韓：孤單是件風衣 它裹起了怕然而我很勇敢啊 沒人記得我也沒差合：未來在等我去拿韓：在飛雲之下 以為忘了的家在耳裡說話 叫我別煩心 那些痛與怕林：喔 半路上的我 穿上回憶和風沙韓：在飛雲之下 我看著海峽走月光沙灘合：我也承認我還是會想他韓：喔 且慢林：且慢合：前面聽說風很大 喔韓：在飛雲之下 以為忘了的家在耳裡說話 叫我別煩心 那些痛與怕林：半路上的我 穿上回憶和風沙韓：在飛雲之下 我看著海峽走月光沙灘 我也承認我還是會想他合：且慢 前面聽說風很大 喔---------------------------------------------------  在  飛雲之下揚傑rence Teo風 讓雲長出花 漫天的花無聲開在烏雲之下然後 又飄到哪裡呀喔漫步在人海的人 你過得好嗎是不是又想念家心中那炙熱的夢啊它多久沒說話在飛雲之下 以為忘了的家在耳裡說話叫我別煩心那些痛與怕喔 半路上的我 穿上回憶和風沙在飛雲之下我看著海峽走月光沙灘我也承認我還是會想他喔 且慢 前面聽說風很大心 在雲裡摩擦 又酸又麻但是思念在夢裡爬以後 還有誰值得等嗎喔孤單是件風衣 它裹起了怕然而我很勇敢啊沒人記得我也沒差未來在等我去拿在飛雲之下 以為忘了的家在耳裡說話叫我別煩心那些痛與怕喔 半路上的我 穿上回憶和風沙在飛雲之下 我看著海峽走月光沙灘我也承認我還是會想他喔 且慢且慢前面聽說風很大喔在飛雲之下 以為忘了的家在耳裡說話叫我別煩心那些痛與怕半路上的我 穿上回憶和風沙飛雲之下 我看著海峽走月光沙灘我也承認我還是會想他且慢 前面聽說風很大喔
黑夜問白天,揚半天上的禿鷹那張臉半生中的記憶在盤旋第五十三天後的日夜線等黑夜問白天 能不能赦免灰色的人間別交換吧日夜 冰封的眼淚 一滴就很鹹來自暮光的明信片 它無聲無色無言翻過山巔跟我扮鬼臉但黑夜恨白天 拚命的往前 聽不到救援命運太瘋癲 每一眨眼都很玄那對逆光中的黑雁 也飛過去老遠等再見不如說一次再見 挑一天皮膚之下的瘀青滲著血細胞之中的絶望在喊冤被五十三天的孤單抽一鞭等黑夜問白天 能不能赦免灰色的人間  在  別交換吧日夜 冰封的眼淚 一滴就很鹹來自暮光的明信片 它無聲無色無言翻過山巔跟我扮鬼臉喊黑夜吻白天 謝謝了時間 弄紅了雙眼往事的光圈 每一瞬間都很絶那跑過去的晝夜 是孤獨的修煉說再見不如忘掉能再見在半空中真好 不會吵 人少卻看得到那些近在天邊的風暴黑夜吻白天 謝謝了時間 弄紅了雙眼往事的光圈 每一瞬間都很絶那跑過去的晝夜 是孤獨的修煉說再見不如忘掉能再見 今天
黑暗騎士(& 五月天阿信),黑暗裡誰還不睡　黑色的心情和斗篷假面黑夜的黑不是最黑　而在於貪婪找不到底線腳下是卑微的街　我孤獨站在城市天際線別問我惡類或善類　我只是渴望飛的哺乳類善惡的分界　不是對立面而是每個人　那最後純潔的防線　都逃不過考驗有沒有一種考驗　有沒有一次淬煉拯救了世界就像　英雄　電影　情節有沒有一種信念　有沒有一句誓言呼喚黎明的出現 yeah yeah yeah yeah呼喚黎明的出現 yeah yeah yeah yeah呼喚黎明的出現為什麼抓光了賊　多年來更沒目擊過搶匪而貧窮還是像潮水　淹沒了人們生存的尊嚴文明最顛峰某天　人們和蝙蝠卻住回洞穴那罪行再也看不見　都躲在法律和交易後面善惡的分界　不怕難分辨只怕每個人　都關上雙耳和雙眼　都害怕去改變有沒有一種改變　有沒有一次壯烈結局的完美就像　英雄　電影　情節  在  有沒有一種信念　有沒有一句誓言呼喚黎明的出現 yeah yeah yeah yeah呼喚黎明的出現 yeah yeah yeah yeah呼喚黎明的出現　呼喚黎明的出現越來越毒的雨水　越來越多的災變越來越遠的從前　英雄　電影　情節律師和小丑勾結　民代和財團簽約善良和罪惡妥協越來越大的企業　越來越小的公園越來越深的幻滅　英雄　電影　情節面具下的人是誰　或者說不管是誰都無法全身而退 yeah yeah yeah yeah都無法全身而退 yeah yeah yeah yeah都無法全身而退當我們都走上街　當我們懷抱信念當我們親身扮演　英雄　電影　情節你就是一種信念　你就是一句誓言世界正等你出現 yeah yeah yeah yeah世界正等你出現 yeah yeah yeah yeahOh~ yeah yeah
黑武士,有了天空　為何世界　還有　地心引力有了希望　為何絕望　還是　如影隨形有了勇氣　就讓哭泣　埋藏過去去寫一種歷史　名字叫奇蹟＃如果恐懼就像火炬　那就讓它沸騰我血液　帶我到絕地　喔　我才能完全　覺醒＊在黑暗　的對面　是光明　光明　後面　是陰影　正義　邪惡　是誰　有權　定義※在命運　的前面　我懷疑在面具　後面　鐵一般決心光榮的犧牲　也是種榮譽(要扭轉命運　最後的反擊)  在  不怕人說　不要人懂　我要證明明天我的姓名　將會是傳奇Repeat ＃,＊,※失敗會設下陷阱　沒有勝利會發出邀請只有我自己　喔能夠 還我 自己 公平還我 自己 公平Repeat ＊在命運　的前面　我懷疑在面具　後面　鐵一般決心要扭轉命運　最後的反擊
黑鍵,嘿 如果聽到這旋律和你傾訴一段光陰 也許你也會共鳴嘿 有個男孩的曾經小小的手和老鋼琴 故事展開了美麗那男孩爬上了琴椅 黑鍵白鍵 映滿眼睛試探著敲奏出旋律 敲開了命運的覺醒當別的 孩子在 瘋電玩模型男孩卻 反覆著 艱澀德布西半音程 全音程 歷程多艱辛傷痕變成指環胎記白鍵是 眾人的 讚嘆黑鍵是 暗地的 努力祈禱 奇蹟 其實不如 無盡的練習嘿 如果聽到這旋律和你傾訴一段光陰 也許你也會共鳴嘿 有個男孩的曾經小小的手和老鋼琴 故事展開了美麗並不是所有道理都 黑鍵白鍵般的分明所幸在音樂世界裡 闖出了自己的天地  在  那一年 那一首 江南的旋律男孩才 經歷了 柳暗和花明平均律 學不會 命運的定律幸運莫若找到知音黑鍵是 不斷的 挑戰白鍵是 肯定的 金曲交織 交響 教我感激 每一刻經歷嘿 如果能讓這旋律陪你經歷人生風雨 是我最大的幸運嘿 那個男孩的如今和你交織多麼緊密 像黑鍵白鍵相依嘿 聽著這首歌的你曾經相信英雄的你 還在等待誰降臨嘿 答案一直都是你帶著黑鍵般的叛逆 改變世界和自己嘿 答案一直都是你帶著黑鍵般的叛逆 改變世界和自己
點一把火炬,天上的星星 有多少數不清承諾和許願 有多少能兌現雨後的彩虹 是真實還是夢悲傷和快樂 可以自己選擇忙忙碌碌轉阿轉 盲盲目目從早到晚喧喧鬧鬧是與非 傷痕累累學會謙卑聽過自己哭泣才(會)懂得珍惜點一把火炬 讓愛和生命延續  在  用心用呼吸感應 在黑暗中照亮風雨脆弱的世界 人變得堅強因為有夢想讓愛翻越所有圍牆 點燃每一個心房照亮我們共同的家照亮你我~的家
